"School","Student.ID","Gender","Junior.school.year","English.test","Mathematics.test"
1,1,"Girl",0,72,23
1,1,"Girl",1,80,24
1,1,"Girl",2,39,23
1,2,"Boy",0,7,14
1,2,"Boy",1,17,11
1,3,"Boy",0,88,36
1,3,"Boy",1,89,32
1,3,"Boy",2,83,39
1,4,"Boy",0,12,24
1,4,"Boy",1,25,26
1,4,"Boy",2,12,32
1,5,"Girl",0,67,22
1,5,"Girl",1,78,23
1,6,"Girl",0,52,19
1,6,"Girl",1,76,23
1,6,"Girl",2,19,11
1,7,"Boy",0,37,22
1,7,"Boy",1,68,22
1,7,"Boy",2,31,26
1,8,"Girl",0,57,18
1,8,"Girl",1,86,29
1,8,"Girl",2,40,28
1,9,"Boy",0,42,30
1,9,"Boy",1,59,31
1,10,"Girl",0,46,29
1,10,"Girl",1,79,29
1,11,"Girl",0,69,31
1,11,"Girl",1,84,28
1,11,"Girl",2,50,32
1,12,"Girl",0,54,18
1,12,"Girl",1,74,26
1,13,"Girl",0,63,23
1,13,"Girl",2,39,27
1,14,"Girl",0,83,39
1,14,"Girl",1,88,35
1,14,"Girl",2,80,36
1,15,"Girl",0,37,24
1,15,"Girl",1,44,30
1,15,"Girl",2,37,33
1,16,"Boy",0,15,25
1,16,"Boy",1,20,29
1,16,"Boy",2,4,33
1,17,"Boy",0,43,27
1,17,"Boy",1,55,30
1,17,"Boy",2,29,30
1,19,"Girl",0,52,14
1,19,"Girl",1,84,10
1,19,"Girl",2,46,25
1,20,"Boy",0,11,14
1,20,"Boy",1,23,20
1,20,"Boy",2,9,17
1,21,"Girl",0,27,16
1,21,"Girl",1,50,15
1,21,"Girl",2,15,18
1,22,"Boy",0,79,30
1,22,"Boy",1,87,29
1,22,"Boy",2,42,33
1,23,"Boy",0,65,19
1,23,"Boy",1,71,19
1,23,"Boy",2,36,20
1,24,"Boy",0,23,11
1,24,"Boy",1,22,8
1,24,"Boy",2,10,13
1,25,"Boy",0,37,22
1,25,"Boy",1,67,25
1,26,"Boy",0,33,19
1,26,"Boy",1,50,18
1,26,"Boy",2,17,25
1,27,"Girl",0,64,29
1,27,"Girl",1,76,29
1,27,"Girl",2,31,27
1,28,"Boy",0,10,22
1,28,"Boy",1,17,12
1,28,"Boy",2,11,21
1,29,"Boy",0,27,21
1,29,"Boy",1,25,24
1,29,"Boy",2,11,30
1,30,"Girl",0,42,19
1,30,"Girl",1,70,25
1,30,"Girl",2,20,27
1,31,"Boy",0,34,17
1,31,"Boy",1,46,17
1,31,"Boy",2,8,22
1,32,"Girl",0,83,28
1,32,"Girl",1,86,27
1,33,"Boy",0,8,11
1,33,"Boy",1,11,10
1,33,"Boy",2,10,16
1,34,"Boy",0,9,17
1,35,"Girl",0,27,14
1,35,"Girl",1,61,16
1,35,"Girl",2,24,20
2,37,"Girl",0,27,19
2,37,"Girl",1,38,30
2,37,"Girl",2,15,27
2,39,"Boy",0,70,30
2,39,"Boy",1,86,31
2,39,"Boy",2,58,37
2,40,"Girl",1,35,26
2,40,"Girl",2,13,22
2,41,"Boy",0,78,33
2,41,"Boy",1,89,32
2,42,"Girl",0,42,18
2,42,"Girl",1,73,20
2,42,"Girl",2,34,32
2,43,"Girl",0,81,24
2,43,"Girl",1,81,32
2,43,"Girl",2,41,28
2,44,"Boy",0,19,28
2,44,"Boy",1,30,29
2,44,"Boy",2,17,28
2,45,"Boy",0,54,25
2,45,"Boy",1,81,29
2,45,"Boy",2,41,35
2,46,"Boy",0,88,34
2,46,"Boy",1,90,37
2,46,"Boy",2,88,37
2,48,"Boy",0,63,28
2,48,"Boy",1,81,30
2,48,"Boy",2,7,34
2,50,"Girl",0,37,22
2,50,"Girl",1,79,29
2,50,"Girl",2,41,27
2,51,"Girl",0,8,14
2,51,"Girl",1,40,26
2,51,"Girl",2,11,19
2,52,"Girl",0,3,17
2,52,"Girl",1,34,15
3,60,"Girl",0,74,31
3,60,"Girl",1,84,32
3,61,"Girl",0,72,33
3,61,"Girl",1,77,30
3,61,"Girl",2,54,37
3,62,"Girl",0,81,34
3,62,"Girl",1,85,34
3,62,"Girl",2,78,39
3,65,"Boy",0,71,37
3,65,"Boy",2,60,37
3,66,"Girl",0,72,32
3,66,"Girl",2,55,35
3,67,"Boy",0,57,23
3,67,"Boy",1,66,29
3,67,"Boy",2,26,33
3,68,"Boy",0,51,33
3,68,"Boy",1,79,31
3,68,"Boy",2,24,37
3,69,"Boy",0,59,24
3,69,"Boy",1,76,9
3,69,"Boy",2,50,37
3,70,"Girl",0,30,18
3,70,"Girl",1,48,18
3,70,"Girl",2,31,32
3,71,"Boy",0,28,28
3,73,"Girl",0,67,27
3,73,"Girl",1,80,27
3,74,"Boy",0,34,30
3,74,"Boy",1,44,24
3,75,"Boy",0,55,31
3,75,"Boy",1,67,17
3,75,"Boy",2,27,22
3,77,"Boy",0,48,30
3,77,"Boy",2,37,37
3,78,"Girl",0,42,26
3,78,"Girl",2,30,27
3,79,"Boy",0,67,31
3,79,"Boy",1,81,28
3,80,"Girl",1,52,23
3,82,"Girl",0,75,29
3,82,"Girl",2,54,36
3,83,"Boy",0,20,28
3,83,"Boy",2,9,15
3,85,"Boy",0,41,28
3,85,"Boy",1,64,30
3,85,"Boy",2,49,37
3,86,"Boy",0,42,19
3,86,"Boy",1,73,25
4,87,"Boy",0,71,26
4,87,"Boy",1,88,25
4,87,"Boy",2,67,33
4,88,"Girl",0,24,12
4,88,"Girl",1,63,15
4,88,"Girl",2,18,20
4,89,"Girl",0,11,7
4,89,"Girl",1,13,4
4,89,"Girl",2,35,13
4,90,"Girl",0,32,8
4,90,"Girl",1,61,8
4,90,"Girl",2,21,19
4,91,"Boy",0,56,28
4,91,"Boy",1,81,23
4,91,"Boy",2,27,25
4,92,"Girl",0,54,21
4,92,"Girl",1,65,16
4,92,"Girl",2,30,21
4,93,"Boy",0,73,37
4,93,"Boy",1,87,34
4,93,"Boy",2,67,38
4,94,"Girl",0,37,20
4,94,"Girl",1,74,25
4,94,"Girl",2,43,24
4,95,"Boy",0,6,10
4,95,"Boy",1,17,19
4,95,"Boy",2,15,29
4,96,"Boy",0,19,11
4,96,"Boy",1,30,9
4,96,"Boy",2,25,14
4,97,"Girl",0,34,21
4,97,"Girl",1,65,19
4,97,"Girl",2,35,26
4,98,"Boy",0,82,35
4,98,"Boy",1,85,36
4,98,"Boy",2,74,37
4,99,"Boy",0,23,27
4,99,"Boy",1,56,17
4,99,"Boy",2,37,31
4,100,"Girl",0,68,30
4,100,"Girl",1,80,25
4,100,"Girl",2,50,28
4,101,"Girl",0,78,30
4,101,"Girl",1,85,29
4,101,"Girl",2,54,34
4,102,"Boy",0,25,21
4,102,"Boy",1,47,26
4,102,"Boy",2,37,33
4,103,"Girl",0,14,12
4,103,"Girl",1,31,8
4,103,"Girl",2,12,20
4,104,"Girl",0,53,24
4,104,"Girl",1,82,29
4,104,"Girl",2,60,32
4,105,"Boy",0,60,21
4,105,"Boy",1,82,25
4,105,"Boy",2,53,28
4,107,"Boy",0,24,23
4,107,"Boy",1,64,25
4,107,"Boy",2,29,36
4,108,"Boy",0,23,23
4,108,"Boy",1,79,26
4,108,"Boy",2,49,35
4,109,"Girl",0,33,28
4,109,"Girl",1,85,26
4,109,"Girl",2,56,34
4,110,"Boy",0,31,21
4,110,"Boy",1,65,28
4,110,"Boy",2,27,34
4,111,"Girl",0,63,29
4,111,"Girl",1,80,29
4,111,"Girl",2,50,33
5,115,"Boy",0,5,14
5,115,"Boy",1,62,6
5,116,"Boy",0,8,12
5,116,"Boy",1,27,17
5,116,"Boy",2,13,25
5,117,"Boy",0,43,4
5,117,"Boy",1,64,2
5,118,"Girl",0,10,11
5,118,"Girl",1,17,5
5,119,"Boy",0,25,26
5,119,"Boy",1,74,32
5,119,"Boy",2,42,33
5,122,"Girl",0,74,30
5,122,"Girl",1,84,32
5,122,"Girl",2,66,36
5,124,"Boy",0,64,25
5,124,"Boy",1,76,33
5,124,"Boy",2,52,31
5,125,"Girl",0,40,20
5,125,"Girl",1,66,22
5,125,"Girl",2,23,25
5,126,"Girl",0,87,34
5,126,"Girl",1,88,33
5,126,"Girl",2,92,37
5,127,"Boy",0,41,18
5,127,"Boy",1,75,29
5,127,"Boy",2,32,23
5,128,"Girl",0,85,32
5,128,"Girl",1,91,33
5,128,"Girl",2,79,34
5,129,"Girl",0,84,33
5,129,"Girl",1,90,37
5,129,"Girl",2,82,36
5,130,"Boy",0,61,25
5,130,"Boy",1,83,33
5,130,"Boy",2,64,30
5,132,"Girl",0,80,31
5,132,"Girl",1,88,36
5,132,"Girl",2,84,33
5,134,"Boy",1,74,26
5,134,"Boy",2,42,23
5,135,"Boy",0,51,29
5,135,"Boy",1,76,34
5,135,"Boy",2,34,32
5,136,"Girl",0,50,25
5,136,"Girl",1,70,21
5,136,"Girl",2,29,21
5,137,"Girl",0,82,31
5,137,"Girl",1,80,32
5,137,"Girl",2,67,34
5,138,"Boy",0,87,37
5,138,"Boy",1,81,36
5,138,"Boy",2,87,38
5,139,"Boy",0,64,26
5,139,"Boy",1,81,36
5,139,"Boy",2,58,36
5,140,"Girl",0,45,26
5,140,"Girl",1,79,27
5,140,"Girl",2,47,33
5,141,"Girl",0,72,35
5,141,"Girl",1,81,34
5,141,"Girl",2,63,36
5,142,"Girl",0,82,35
5,142,"Girl",1,88,33
5,142,"Girl",2,78,37
5,143,"Girl",0,73,30
5,143,"Girl",1,79,34
5,143,"Girl",2,57,34
5,146,"Girl",0,64,33
5,146,"Girl",1,87,26
5,146,"Girl",2,44,28
5,148,"Boy",0,65,28
5,148,"Boy",1,82,30
5,148,"Boy",2,32,30
5,149,"Boy",0,39,18
5,149,"Boy",1,77,14
5,149,"Boy",2,33,25
5,150,"Boy",0,53,31
5,150,"Boy",1,81,32
5,150,"Boy",2,39,37
5,151,"Boy",0,89,40
5,151,"Boy",1,90,38
5,151,"Boy",2,78,36
6,152,"Boy",0,14,31
6,152,"Boy",1,69,28
6,153,"Boy",1,66,16
6,153,"Boy",2,28,23
6,154,"Girl",0,43,23
6,154,"Girl",1,76,16
6,155,"Girl",0,59,21
6,155,"Girl",1,76,21
6,155,"Girl",2,27,28
6,156,"Boy",0,48,26
6,156,"Boy",2,36,31
6,157,"Boy",0,30,26
6,157,"Boy",1,59,23
6,157,"Boy",2,13,26
6,158,"Girl",0,70,24
6,158,"Girl",1,79,29
6,158,"Girl",2,42,30
6,159,"Boy",0,66,29
6,159,"Boy",1,82,35
6,159,"Boy",2,41,37
6,160,"Boy",1,51,27
6,160,"Boy",2,12,37
6,161,"Girl",1,47,22
6,164,"Girl",0,70,21
6,164,"Girl",1,80,18
6,167,"Boy",0,27,26
6,167,"Boy",1,63,23
6,168,"Girl",0,75,32
6,168,"Girl",1,86,31
6,168,"Girl",2,53,32
6,171,"Girl",0,50,19
6,171,"Girl",1,79,20
6,171,"Girl",2,43,24
6,172,"Girl",0,69,25
6,172,"Girl",1,84,29
6,172,"Girl",2,65,33
6,174,"Girl",1,68,25
6,174,"Girl",2,26,28
6,175,"Boy",0,28,30
6,175,"Boy",1,57,30
6,175,"Boy",2,29,36
6,176,"Boy",0,80,33
6,176,"Boy",1,86,33
6,176,"Boy",2,55,40
6,177,"Girl",0,66,31
6,177,"Girl",1,85,23
6,177,"Girl",2,37,36
6,182,"Boy",0,54,28
6,182,"Boy",1,78,28
6,182,"Boy",2,46,30
6,183,"Boy",0,41,25
6,183,"Boy",1,75,16
6,183,"Boy",2,35,31
6,184,"Boy",0,40,30
6,184,"Boy",1,44,23
6,184,"Boy",2,16,26
6,185,"Girl",0,40,28
6,185,"Girl",1,51,17
6,188,"Boy",0,64,23
6,188,"Boy",2,51,22
7,189,"Girl",1,32,15
7,189,"Girl",2,21,26
7,190,"Boy",0,19,8
7,190,"Boy",1,33,9
7,191,"Girl",0,87,38
7,191,"Girl",1,89,36
7,192,"Girl",0,66,23
7,193,"Girl",0,18,33
7,193,"Girl",1,55,31
7,193,"Girl",2,30,37
7,194,"Girl",0,78,34
7,194,"Girl",1,90,39
7,194,"Girl",2,71,36
7,195,"Boy",0,55,31
7,195,"Boy",1,74,31
7,195,"Boy",2,39,37
7,196,"Girl",0,24,17
7,196,"Girl",1,74,24
7,196,"Girl",2,67,37
7,197,"Girl",0,17,21
7,197,"Girl",1,67,31
7,197,"Girl",2,24,24
7,198,"Boy",0,85,37
7,198,"Boy",1,89,35
7,198,"Boy",2,88,39
7,200,"Girl",0,28,35
7,200,"Girl",1,73,34
7,201,"Girl",0,40,31
7,201,"Girl",1,89,32
7,201,"Girl",2,72,38
7,202,"Boy",0,55,25
7,202,"Boy",1,69,30
7,202,"Boy",2,37,33
7,203,"Girl",0,31,27
7,203,"Girl",1,21,21
7,203,"Girl",2,15,32
7,204,"Girl",0,15,9
7,204,"Girl",1,9,10
7,204,"Girl",2,26,21
8,208,"Girl",0,35,14
8,208,"Girl",1,69,15
8,208,"Girl",2,25,19
8,209,"Boy",0,37,23
8,209,"Boy",1,74,27
8,209,"Boy",2,25,30
8,211,"Girl",0,37,20
8,211,"Girl",1,52,16
8,211,"Girl",2,24,27
8,212,"Boy",0,73,30
8,212,"Boy",1,83,33
8,212,"Boy",2,55,33
8,213,"Girl",0,75,22
8,213,"Girl",1,89,27
8,213,"Girl",2,54,31
8,214,"Boy",0,69,31
8,214,"Boy",1,81,34
8,214,"Boy",2,62,29
8,215,"Girl",0,61,28
8,215,"Girl",1,79,33
8,215,"Girl",2,42,35
8,217,"Boy",0,54,29
8,217,"Boy",1,85,34
8,217,"Boy",2,62,38
8,218,"Boy",0,35,23
8,218,"Boy",1,79,36
8,218,"Boy",2,65,37
8,219,"Girl",0,70,30
8,219,"Girl",1,78,32
8,219,"Girl",2,62,33
8,220,"Boy",0,87,34
8,220,"Boy",1,85,32
8,220,"Boy",2,84,35
8,221,"Girl",0,27,30
8,221,"Girl",1,69,28
8,221,"Girl",2,15,25
8,222,"Girl",0,48,22
8,222,"Girl",1,43,23
8,222,"Girl",2,12,30
8,223,"Girl",0,88,34
8,223,"Girl",1,89,32
8,223,"Girl",2,83,35
8,224,"Boy",0,15,22
8,224,"Boy",1,61,18
8,224,"Boy",2,13,21
8,225,"Girl",0,55,29
8,225,"Girl",1,81,28
8,226,"Boy",0,18,17
8,226,"Boy",1,39,23
8,227,"Girl",0,63,25
8,227,"Girl",1,82,24
8,227,"Girl",2,38,32
8,228,"Boy",0,24,25
8,228,"Boy",1,65,24
8,228,"Boy",2,29,30
8,229,"Girl",0,60,18
8,229,"Girl",1,62,18
8,229,"Girl",2,23,23
8,230,"Girl",0,88,35
8,230,"Girl",1,85,28
8,230,"Girl",2,68,38
8,232,"Girl",0,63,26
8,232,"Girl",1,87,23
8,232,"Girl",2,47,30
8,233,"Boy",0,57,34
8,233,"Boy",1,80,31
8,233,"Boy",2,40,38
8,234,"Boy",0,32,29
8,234,"Boy",1,67,30
8,234,"Boy",2,42,34
8,235,"Girl",0,9,13
8,235,"Girl",1,63,20
8,235,"Girl",2,26,18
8,236,"Girl",1,75,22
8,236,"Girl",2,45,21
8,237,"Girl",0,49,24
8,237,"Girl",1,85,30
8,238,"Boy",0,49,22
8,238,"Boy",1,85,25
8,238,"Boy",2,62,33
8,239,"Girl",0,75,25
8,239,"Girl",1,88,21
8,239,"Girl",2,44,32
8,241,"Girl",0,30,28
8,241,"Girl",1,77,21
8,241,"Girl",2,29,33
8,242,"Girl",0,65,21
9,243,"Boy",0,73,26
9,243,"Boy",1,87,28
9,243,"Boy",2,70,32
9,244,"Girl",0,84,39
9,244,"Girl",1,87,36
9,244,"Girl",2,49,37
9,245,"Girl",0,83,33
9,245,"Girl",1,86,35
9,245,"Girl",2,74,35
9,246,"Girl",0,88,33
9,246,"Girl",1,91,35
9,246,"Girl",2,74,36
9,247,"Girl",0,88,37
9,247,"Girl",1,87,35
9,247,"Girl",2,88,37
9,248,"Boy",0,88,36
9,248,"Boy",1,88,38
9,248,"Boy",2,93,39
9,249,"Boy",0,71,33
9,249,"Boy",1,83,35
9,249,"Boy",2,62,37
9,250,"Boy",0,89,36
9,250,"Boy",1,89,38
9,250,"Boy",2,77,38
9,251,"Boy",0,16,11
9,251,"Boy",1,43,15
9,251,"Boy",2,38,17
9,252,"Boy",0,27,24
9,252,"Boy",1,48,18
9,252,"Boy",2,36,32
9,253,"Boy",0,39,28
9,253,"Boy",1,67,20
9,254,"Boy",0,74,30
9,254,"Boy",1,81,29
9,254,"Boy",2,66,30
9,255,"Boy",0,80,23
9,255,"Boy",1,82,22
9,255,"Boy",2,55,31
9,256,"Girl",0,38,26
9,256,"Girl",1,67,28
9,256,"Girl",2,45,34
9,257,"Boy",0,83,33
9,257,"Boy",1,88,35
9,257,"Boy",2,52,38
9,258,"Girl",0,32,26
9,258,"Girl",1,62,24
9,258,"Girl",2,33,30
9,259,"Boy",0,70,34
9,259,"Boy",1,81,32
9,259,"Boy",2,74,38
9,260,"Girl",0,53,25
9,260,"Girl",1,84,24
9,260,"Girl",2,61,28
9,261,"Girl",0,25,29
9,261,"Girl",1,79,30
9,261,"Girl",2,64,32
9,262,"Girl",0,22,18
9,262,"Girl",1,64,19
9,262,"Girl",2,33,22
9,263,"Boy",0,10,13
9,263,"Boy",1,23,15
9,263,"Boy",2,32,18
9,264,"Boy",0,24,16
9,264,"Boy",1,21,16
9,264,"Boy",2,12,22
10,265,"Girl",0,30,24
10,266,"Girl",0,33,16
10,267,"Boy",0,55,24
10,267,"Boy",1,68,32
10,268,"Boy",0,11,18
10,268,"Boy",1,61,28
10,269,"Boy",0,34,21
10,269,"Boy",1,76,30
10,270,"Boy",0,33,31
10,270,"Boy",1,72,29
10,271,"Girl",0,73,32
10,271,"Girl",1,87,35
10,272,"Boy",0,50,23
10,272,"Boy",1,75,22
10,273,"Girl",0,55,30
10,273,"Girl",1,66,31
10,275,"Girl",1,81,32
10,276,"Girl",0,46,18
10,276,"Girl",1,65,22
10,277,"Boy",0,10,22
10,278,"Boy",0,23,19
10,278,"Boy",1,27,29
10,279,"Girl",0,22,15
10,279,"Girl",1,23,27
11,280,"Boy",0,16,26
11,280,"Boy",1,74,21
11,280,"Boy",2,34,32
11,284,"Boy",0,37,28
11,284,"Boy",1,80,18
11,284,"Boy",2,57,30
11,285,"Boy",0,8,21
11,285,"Boy",1,34,17
11,285,"Boy",2,19,15
11,287,"Girl",0,9,25
11,287,"Girl",1,49,30
11,287,"Girl",2,35,35
11,288,"Boy",0,42,22
11,288,"Boy",1,85,31
11,288,"Boy",2,35,24
11,289,"Girl",0,8,18
11,289,"Girl",1,59,25
11,289,"Girl",2,11,26
11,290,"Girl",0,31,29
11,290,"Girl",1,81,25
11,290,"Girl",2,31,31
11,291,"Girl",0,26,23
11,291,"Girl",1,78,30
11,291,"Girl",2,40,33
11,292,"Boy",0,6,21
11,292,"Boy",1,34,27
11,292,"Boy",2,7,30
11,293,"Boy",0,23,31
11,293,"Boy",1,71,32
11,293,"Boy",2,33,38
11,294,"Boy",0,19,27
11,294,"Boy",1,65,25
11,295,"Boy",0,14,26
11,295,"Boy",1,39,16
11,295,"Boy",2,8,29
12,296,"Girl",0,59,28
12,296,"Girl",1,41,23
12,296,"Girl",2,29,34
12,297,"Boy",0,17,9
12,297,"Boy",1,17,15
12,297,"Boy",2,14,15
12,298,"Girl",0,87,25
12,298,"Girl",1,86,30
12,298,"Girl",2,78,34
12,299,"Boy",0,66,32
12,299,"Boy",1,66,37
12,299,"Boy",2,49,37
12,300,"Boy",0,79,34
12,300,"Boy",1,84,28
12,300,"Boy",2,85,32
12,301,"Boy",0,2,22
12,302,"Girl",0,54,24
12,302,"Girl",1,67,19
12,303,"Girl",0,32,23
12,303,"Girl",1,51,25
12,303,"Girl",2,38,30
12,305,"Girl",0,82,39
12,305,"Girl",1,88,36
12,305,"Girl",2,78,38
12,306,"Girl",0,80,36
12,306,"Girl",1,89,37
12,306,"Girl",2,78,39
12,307,"Boy",0,41,26
12,307,"Boy",1,71,24
12,307,"Boy",2,39,21
12,308,"Girl",0,65,25
12,308,"Girl",1,80,20
12,308,"Girl",2,30,32
12,309,"Girl",0,76,29
12,309,"Girl",1,84,29
12,309,"Girl",2,53,36
12,310,"Girl",0,54,21
12,310,"Girl",1,84,20
12,310,"Girl",2,52,27
12,311,"Boy",0,53,22
12,311,"Boy",1,63,31
12,311,"Boy",2,25,30
12,312,"Boy",0,31,28
12,312,"Boy",1,55,27
12,313,"Boy",0,20,23
12,313,"Boy",1,33,27
12,313,"Boy",2,10,27
12,314,"Girl",0,34,19
12,314,"Girl",1,62,28
12,315,"Boy",0,45,21
12,315,"Boy",1,60,31
12,316,"Girl",0,77,28
12,316,"Girl",1,87,33
12,316,"Girl",2,64,37
12,317,"Girl",0,83,28
12,317,"Girl",1,85,28
12,317,"Girl",2,62,33
12,318,"Girl",0,73,28
12,318,"Girl",1,83,29
12,318,"Girl",2,54,24
12,319,"Boy",0,12,14
12,319,"Boy",2,5,14
12,320,"Boy",0,13,21
12,320,"Boy",1,50,25
12,320,"Boy",2,21,25
12,321,"Boy",0,23,22
12,321,"Boy",1,76,24
12,321,"Boy",2,31,32
12,322,"Girl",0,74,32
12,322,"Girl",1,78,34
12,322,"Girl",2,56,38
12,323,"Boy",0,8,16
12,323,"Boy",1,31,15
12,323,"Boy",2,9,20
12,324,"Girl",0,11,25
12,324,"Girl",1,53,20
12,324,"Girl",2,43,19
13,326,"Boy",0,74,37
13,326,"Boy",2,80,37
13,327,"Girl",0,45,31
13,327,"Girl",2,47,30
13,328,"Girl",0,81,34
13,328,"Girl",1,81,27
13,328,"Girl",2,66,28
13,329,"Girl",0,60,31
13,329,"Girl",1,81,29
13,330,"Girl",0,84,33
13,330,"Girl",1,86,30
13,330,"Girl",2,79,33
13,331,"Boy",0,16,26
13,331,"Boy",1,81,28
13,331,"Boy",2,69,33
13,332,"Girl",0,27,25
13,332,"Girl",1,74,27
13,332,"Girl",2,55,31
13,333,"Boy",0,17,21
13,333,"Boy",1,52,25
13,333,"Boy",2,32,36
13,334,"Boy",0,15,28
13,334,"Boy",1,50,25
13,334,"Boy",2,60,34
13,335,"Boy",0,13,21
13,335,"Boy",1,43,18
13,336,"Girl",0,24,21
13,336,"Girl",1,64,10
13,336,"Girl",2,16,10
13,337,"Boy",0,6,20
13,337,"Boy",1,69,11
13,337,"Boy",2,39,13
13,338,"Boy",0,17,23
13,338,"Boy",1,39,24
13,338,"Boy",2,42,27
13,339,"Girl",0,47,25
13,339,"Girl",1,87,28
13,339,"Girl",2,59,29
13,340,"Girl",0,34,23
13,340,"Girl",1,47,12
13,340,"Girl",2,37,20
13,341,"Girl",0,43,27
13,341,"Girl",1,80,27
13,341,"Girl",2,52,29
13,342,"Boy",0,23,35
13,342,"Boy",1,65,34
13,342,"Boy",2,43,38
13,343,"Girl",0,28,27
13,343,"Girl",1,69,20
13,343,"Girl",2,33,33
13,344,"Boy",0,17,14
13,344,"Boy",1,27,19
13,347,"Boy",0,20,24
13,347,"Boy",1,57,20
13,347,"Boy",2,23,35
13,348,"Boy",0,15,20
13,348,"Boy",1,34,12
13,348,"Boy",2,19,32
13,349,"Girl",0,30,14
13,349,"Girl",1,33,11
13,349,"Girl",2,24,37
13,350,"Boy",0,13,14
13,350,"Boy",1,39,12
13,350,"Boy",2,17,21
13,351,"Girl",0,34,26
13,351,"Girl",2,52,36
13,352,"Boy",0,16,15
13,352,"Boy",1,25,16
13,352,"Boy",2,8,24
14,353,"Boy",0,11,14
14,353,"Boy",1,20,3
14,354,"Boy",0,13,12
14,354,"Boy",1,46,7
14,355,"Boy",0,59,30
14,355,"Boy",1,70,20
14,355,"Boy",2,36,29
14,356,"Girl",0,31,26
14,356,"Girl",1,69,24
14,356,"Girl",2,24,33
14,357,"Girl",0,61,30
14,357,"Girl",1,73,22
14,357,"Girl",2,35,30
14,358,"Girl",0,42,15
14,358,"Girl",1,49,18
14,358,"Girl",2,13,26
14,359,"Girl",0,48,23
14,359,"Girl",1,65,25
14,359,"Girl",2,18,28
14,361,"Girl",0,48,17
14,361,"Girl",1,60,20
14,361,"Girl",2,22,19
14,362,"Boy",0,22,19
14,362,"Boy",1,32,16
14,362,"Boy",2,8,22
14,363,"Boy",0,14,15
14,363,"Boy",1,23,17
14,363,"Boy",2,20,26
14,364,"Boy",0,16,25
14,364,"Boy",1,28,27
14,364,"Boy",2,13,30
14,365,"Boy",0,88,33
14,365,"Boy",1,86,30
14,365,"Boy",2,53,34
14,366,"Boy",0,75,29
14,366,"Boy",1,88,33
14,366,"Boy",2,59,37
14,367,"Boy",0,29,25
14,367,"Boy",1,71,28
14,367,"Boy",2,25,32
14,368,"Boy",0,37,15
14,368,"Boy",1,39,18
14,368,"Boy",2,9,23
15,369,"Boy",0,38,29
15,369,"Boy",1,71,28
15,370,"Girl",0,36,30
15,370,"Girl",1,51,25
15,371,"Girl",0,62,25
15,371,"Girl",1,78,21
15,372,"Girl",0,87,38
15,372,"Girl",1,90,38
15,372,"Girl",2,84,36
15,373,"Boy",0,65,29
15,373,"Boy",1,80,29
15,373,"Boy",2,52,37
15,374,"Girl",0,52,20
15,374,"Girl",1,66,27
15,375,"Girl",0,88,37
15,375,"Girl",1,90,36
15,375,"Girl",2,92,36
15,376,"Girl",0,78,34
15,376,"Girl",1,82,32
15,376,"Girl",2,53,35
15,377,"Girl",0,50,20
15,377,"Girl",1,75,12
15,378,"Boy",0,60,36
15,378,"Boy",1,76,33
15,379,"Boy",0,17,8
15,379,"Boy",1,27,5
15,380,"Boy",0,81,26
15,380,"Boy",1,78,23
15,380,"Boy",2,50,33
15,381,"Boy",0,20,22
15,381,"Boy",1,41,13
15,382,"Boy",0,53,31
15,383,"Boy",0,3,15
15,383,"Boy",1,10,8
15,384,"Girl",0,87,34
15,384,"Girl",1,89,35
15,384,"Girl",2,92,37
15,385,"Girl",0,33,34
15,385,"Girl",1,50,24
15,386,"Girl",0,58,31
15,386,"Girl",1,65,20
15,387,"Girl",0,39,22
15,387,"Girl",1,48,13
15,388,"Girl",1,25,17
15,390,"Boy",0,23,16
15,390,"Boy",1,31,19
15,391,"Girl",0,67,24
15,391,"Girl",1,72,21
15,391,"Girl",2,44,36
15,393,"Boy",0,79,36
15,393,"Boy",1,85,26
15,395,"Girl",0,30,20
15,395,"Girl",1,56,15
16,396,"Boy",0,2,15
16,396,"Boy",1,22,3
16,397,"Boy",0,35,30
16,397,"Boy",1,69,27
16,397,"Boy",2,40,32
16,398,"Girl",0,45,23
16,398,"Girl",1,61,31
16,398,"Girl",2,30,28
16,400,"Boy",0,61,27
16,400,"Boy",1,74,26
16,400,"Boy",2,49,31
16,402,"Girl",0,48,22
16,402,"Girl",1,65,21
16,402,"Girl",2,46,37
16,403,"Boy",0,17,16
16,403,"Boy",1,28,11
16,404,"Girl",0,23,24
16,404,"Girl",1,75,13
16,404,"Girl",2,20,21
16,405,"Girl",0,34,18
16,405,"Girl",1,58,21
16,405,"Girl",2,30,23
16,406,"Girl",1,54,27
16,406,"Girl",2,24,34
16,407,"Boy",0,47,27
16,407,"Boy",1,71,34
16,407,"Boy",2,53,38
16,408,"Girl",0,83,35
16,408,"Girl",1,85,34
16,408,"Girl",2,71,37
16,409,"Girl",0,8,17
16,409,"Girl",1,26,12
16,410,"Boy",0,29,22
16,410,"Boy",1,54,23
16,410,"Boy",2,27,30
16,411,"Boy",0,18,27
16,411,"Boy",1,21,24
16,411,"Boy",2,17,26
16,412,"Girl",0,23,14
16,412,"Girl",1,43,8
16,412,"Girl",2,21,17
16,413,"Boy",0,19,12
16,413,"Boy",1,28,3
16,413,"Boy",2,14,8
16,414,"Boy",0,3,8
16,414,"Boy",1,2,8
16,414,"Boy",2,16,13
16,415,"Boy",0,29,22
16,415,"Boy",1,56,21
16,415,"Boy",2,25,30
16,416,"Boy",0,77,31
16,416,"Boy",1,86,35
16,416,"Boy",2,48,38
17,417,"Boy",0,86,39
17,417,"Boy",1,88,36
17,417,"Boy",2,92,38
17,420,"Girl",0,42,23
17,420,"Girl",1,72,24
17,420,"Girl",2,32,32
17,421,"Girl",0,88,33
17,421,"Girl",1,88,33
17,421,"Girl",2,73,39
17,425,"Girl",0,50,21
17,425,"Girl",1,72,25
17,426,"Girl",0,32,20
17,426,"Girl",1,55,19
17,426,"Girl",2,18,26
17,429,"Girl",0,27,30
17,429,"Girl",1,76,30
17,429,"Girl",2,62,38
17,430,"Boy",0,14,11
17,430,"Boy",1,17,15
17,430,"Boy",2,10,23
18,434,"Girl",0,33,10
18,435,"Boy",0,53,31
18,435,"Boy",1,49,26
18,436,"Boy",0,60,36
18,436,"Boy",1,84,28
18,436,"Boy",2,54,35
18,437,"Boy",0,23,15
18,437,"Boy",1,21,10
18,437,"Boy",2,21,23
18,438,"Boy",0,25,14
18,438,"Boy",1,52,13
18,438,"Boy",2,21,20
18,439,"Boy",0,53,22
18,439,"Boy",1,81,23
18,439,"Boy",2,27,26
18,440,"Girl",0,69,30
18,440,"Girl",1,83,28
18,440,"Girl",2,40,36
18,441,"Girl",0,85,34
18,441,"Girl",1,89,33
18,441,"Girl",2,74,38
18,442,"Girl",0,50,28
18,442,"Girl",1,66,27
18,442,"Girl",2,18,29
18,443,"Boy",1,39,20
18,443,"Boy",2,18,27
18,444,"Girl",0,54,22
18,444,"Girl",1,68,20
18,444,"Girl",2,16,25
18,445,"Girl",0,39,24
18,445,"Girl",2,39,29
18,446,"Boy",0,84,32
18,446,"Boy",1,88,27
18,446,"Boy",2,78,33
18,447,"Girl",0,53,25
18,447,"Girl",1,68,22
18,447,"Girl",2,44,30
18,448,"Girl",0,52,24
18,448,"Girl",1,59,11
18,448,"Girl",2,36,21
18,449,"Girl",0,87,35
18,449,"Girl",1,89,29
18,449,"Girl",2,80,38
18,450,"Girl",0,77,32
18,450,"Girl",1,81,28
18,450,"Girl",2,40,31
18,451,"Girl",0,51,25
18,451,"Girl",1,66,27
18,451,"Girl",2,31,33
18,452,"Boy",0,68,21
18,452,"Boy",1,81,20
18,452,"Boy",2,43,31
18,453,"Boy",0,30,17
18,453,"Boy",1,49,16
18,453,"Boy",2,32,29
19,455,"Girl",0,12,15
19,455,"Girl",1,34,27
19,455,"Girl",2,29,33
19,456,"Boy",0,24,30
19,456,"Boy",1,54,30
19,456,"Boy",2,33,34
19,457,"Boy",0,47,13
19,457,"Boy",1,64,13
19,457,"Boy",2,53,25
19,458,"Boy",0,49,18
19,458,"Boy",2,72,38
19,459,"Boy",0,26,32
19,459,"Boy",1,51,33
19,459,"Boy",2,45,37
19,460,"Boy",0,65,35
19,460,"Boy",1,85,30
19,460,"Boy",2,69,35
19,461,"Girl",0,21,15
19,461,"Girl",1,77,26
19,461,"Girl",2,51,30
19,462,"Boy",0,28,19
19,462,"Boy",1,47,28
19,462,"Boy",2,33,32
19,463,"Girl",0,57,29
19,464,"Girl",0,38,26
19,464,"Girl",1,66,28
19,464,"Girl",2,51,31
19,465,"Boy",0,30,37
19,465,"Boy",1,57,29
19,466,"Girl",0,67,29
19,467,"Girl",0,61,22
19,467,"Girl",1,70,27
19,467,"Girl",2,48,32
19,468,"Girl",0,46,26
19,468,"Girl",1,71,30
19,468,"Girl",2,40,33
19,469,"Girl",0,74,36
19,469,"Girl",1,80,35
19,469,"Girl",2,61,37
19,470,"Girl",0,27,28
19,470,"Girl",2,26,30
19,471,"Boy",0,30,25
19,471,"Boy",1,71,19
19,471,"Boy",2,52,27
20,472,"Boy",0,43,30
20,472,"Boy",1,51,24
20,472,"Boy",2,38,35
20,473,"Boy",0,20,26
20,473,"Boy",1,54,17
20,473,"Boy",2,11,32
20,475,"Girl",0,65,20
20,475,"Girl",1,77,15
20,475,"Girl",2,40,27
20,476,"Girl",0,86,37
20,476,"Girl",1,89,32
20,476,"Girl",2,93,37
20,477,"Boy",0,54,30
20,477,"Boy",1,75,28
20,477,"Boy",2,46,32
20,478,"Boy",0,28,25
20,478,"Boy",1,45,5
20,478,"Boy",2,25,14
20,479,"Girl",0,51,26
20,479,"Girl",1,66,18
20,479,"Girl",2,44,28
20,480,"Boy",0,17,19
20,480,"Boy",1,61,18
20,480,"Boy",2,19,35
20,481,"Boy",0,23,19
20,481,"Boy",1,32,29
20,482,"Boy",0,66,20
20,482,"Boy",1,79,27
20,482,"Boy",2,61,38
20,484,"Girl",0,44,25
20,484,"Girl",2,28,26
20,486,"Girl",0,65,29
20,486,"Girl",1,84,26
20,487,"Girl",0,61,27
20,487,"Girl",1,80,23
20,487,"Girl",2,37,37
20,489,"Boy",0,42,25
20,489,"Boy",1,72,25
20,489,"Boy",2,33,28
20,491,"Boy",0,46,26
20,491,"Boy",1,74,33
20,491,"Boy",2,37,38
21,492,"Girl",0,50,27
21,492,"Girl",1,83,21
21,492,"Girl",2,61,30
21,494,"Boy",0,68,30
21,494,"Boy",1,83,31
21,494,"Boy",2,70,33
21,495,"Girl",0,35,22
21,495,"Girl",1,54,24
21,495,"Girl",2,53,27
21,496,"Boy",0,26,17
21,496,"Boy",1,76,31
21,496,"Boy",2,54,30
21,497,"Boy",0,19,16
21,497,"Boy",1,46,13
21,497,"Boy",2,24,31
21,498,"Girl",0,49,19
21,498,"Girl",1,81,25
21,498,"Girl",2,39,24
21,499,"Boy",0,48,28
21,499,"Boy",1,76,23
21,499,"Boy",2,60,27
21,500,"Boy",0,14,18
21,500,"Boy",1,25,15
21,501,"Girl",0,15,20
21,501,"Girl",1,55,11
21,501,"Girl",2,45,24
21,502,"Girl",0,11,14
21,502,"Girl",1,22,8
21,502,"Girl",2,23,24
21,503,"Boy",0,72,25
21,503,"Boy",1,84,25
21,503,"Boy",2,66,30
21,504,"Boy",0,36,21
21,504,"Boy",1,69,18
21,504,"Boy",2,28,21
21,505,"Boy",0,17,24
21,505,"Boy",1,60,20
21,505,"Boy",2,33,28
21,506,"Girl",0,38,16
21,506,"Girl",1,60,21
21,506,"Girl",2,28,24
21,507,"Girl",0,48,31
21,507,"Girl",1,86,31
21,507,"Girl",2,73,34
21,508,"Boy",0,20,31
21,508,"Boy",1,42,29
21,508,"Boy",2,7,31
21,509,"Boy",0,13,18
21,509,"Boy",1,45,11
21,509,"Boy",2,25,15
21,510,"Boy",0,14,11
21,510,"Boy",1,38,11
21,511,"Boy",0,36,13
21,511,"Boy",1,76,20
21,512,"Boy",0,25,13
21,512,"Boy",1,28,16
21,512,"Boy",2,14,27
21,514,"Boy",0,20,16
21,514,"Boy",1,35,25
21,514,"Boy",2,26,18
21,515,"Girl",0,32,17
21,515,"Girl",1,67,17
21,515,"Girl",2,34,23
21,516,"Boy",0,18,28
21,516,"Boy",1,58,28
21,516,"Boy",2,34,29
21,517,"Girl",0,31,18
21,517,"Girl",1,78,19
21,517,"Girl",2,48,23
21,518,"Boy",0,44,29
21,518,"Boy",1,88,28
21,518,"Boy",2,49,36
21,519,"Girl",0,9,16
21,519,"Girl",1,37,13
21,519,"Girl",2,21,24
21,520,"Boy",0,17,22
21,520,"Boy",1,29,27
21,520,"Boy",2,16,33
21,521,"Boy",0,14,21
21,521,"Boy",1,52,19
21,521,"Boy",2,31,22
21,522,"Boy",0,46,18
21,522,"Boy",1,88,24
21,522,"Boy",2,67,31
21,523,"Boy",0,26,25
21,523,"Boy",1,73,31
21,523,"Boy",2,28,29
21,524,"Girl",0,53,23
21,524,"Girl",1,74,24
21,524,"Girl",2,42,35
21,525,"Girl",0,68,30
21,525,"Girl",1,80,21
22,526,"Boy",0,18,12
22,526,"Boy",1,12,5
22,526,"Boy",2,1,5
22,527,"Boy",0,62,35
22,527,"Boy",1,84,24
22,527,"Boy",2,50,36
22,528,"Girl",0,27,25
22,528,"Girl",1,34,14
22,529,"Girl",0,44,29
22,529,"Girl",1,56,25
22,529,"Girl",2,37,34
22,530,"Girl",0,82,39
22,530,"Girl",1,87,36
22,530,"Girl",2,80,38
22,531,"Boy",0,13,32
22,531,"Boy",1,12,37
22,531,"Boy",2,15,35
22,532,"Boy",0,50,32
22,532,"Boy",1,82,26
22,532,"Boy",2,48,34
22,533,"Girl",0,68,23
22,533,"Girl",1,70,20
22,533,"Girl",2,39,27
22,534,"Boy",0,57,29
22,534,"Boy",1,66,18
22,534,"Boy",2,33,27
22,535,"Boy",0,4,14
22,535,"Boy",1,3,2
22,536,"Girl",0,16,22
22,536,"Girl",1,56,23
22,536,"Girl",2,51,32
22,537,"Boy",0,70,23
22,537,"Boy",1,82,25
22,537,"Boy",2,37,27
22,538,"Boy",0,34,24
22,538,"Boy",1,46,22
22,538,"Boy",2,12,25
22,539,"Boy",0,18,25
22,539,"Boy",1,18,16
22,539,"Boy",2,8,25
22,540,"Boy",0,67,27
22,540,"Boy",1,62,17
22,540,"Boy",2,27,29
22,541,"Boy",0,25,23
22,541,"Boy",1,38,24
22,541,"Boy",2,28,25
23,543,"Girl",0,13,16
23,543,"Girl",1,22,6
23,543,"Girl",2,6,11
23,545,"Girl",0,79,34
23,545,"Girl",1,87,33
23,545,"Girl",2,74,40
23,546,"Boy",0,9,18
23,546,"Boy",1,7,16
23,546,"Boy",2,22,28
23,548,"Boy",0,70,28
23,548,"Boy",1,72,26
23,548,"Boy",2,26,25
23,549,"Boy",0,11,26
23,549,"Boy",1,19,13
23,549,"Boy",2,11,23
23,550,"Girl",0,70,25
23,550,"Girl",1,83,26
23,550,"Girl",2,51,31
23,551,"Boy",0,71,29
23,551,"Boy",1,79,33
23,551,"Boy",2,45,35
23,552,"Boy",0,43,30
23,552,"Boy",1,64,21
23,552,"Boy",2,32,33
23,553,"Boy",0,43,31
23,553,"Boy",1,72,28
23,553,"Boy",2,36,32
23,554,"Boy",0,84,36
23,554,"Boy",1,85,39
23,554,"Boy",2,76,40
23,555,"Girl",0,27,14
23,555,"Girl",1,46,25
23,555,"Girl",2,15,26
23,556,"Boy",0,19,12
23,556,"Boy",1,70,12
23,556,"Boy",2,40,24
23,557,"Boy",0,40,23
23,557,"Boy",1,61,24
23,558,"Boy",0,56,25
23,558,"Boy",1,64,24
23,558,"Boy",2,33,35
23,559,"Boy",0,1,12
23,559,"Boy",1,8,13
23,559,"Boy",2,3,9
23,560,"Girl",0,64,24
23,560,"Girl",1,83,28
23,560,"Girl",2,40,32
23,561,"Boy",0,83,33
23,561,"Boy",1,90,34
23,561,"Boy",2,74,37
23,562,"Boy",0,42,25
23,562,"Boy",1,63,27
23,563,"Boy",0,72,28
23,563,"Boy",1,82,23
23,563,"Boy",2,54,28
23,564,"Girl",0,31,26
23,564,"Girl",1,60,30
23,564,"Girl",2,24,34
24,565,"Girl",0,42,24
24,565,"Girl",1,74,26
24,565,"Girl",2,45,35
24,566,"Boy",0,72,25
24,566,"Boy",1,85,27
24,566,"Boy",2,44,35
24,567,"Girl",0,9,15
24,567,"Girl",1,50,18
24,567,"Girl",2,31,32
24,568,"Boy",0,40,31
24,568,"Boy",1,56,36
24,568,"Boy",2,18,37
24,569,"Boy",0,24,21
24,569,"Boy",1,48,11
24,569,"Boy",2,18,34
24,570,"Boy",0,79,35
24,570,"Boy",1,86,31
24,570,"Boy",2,51,37
24,571,"Girl",0,82,31
24,571,"Girl",1,90,32
24,571,"Girl",2,69,37
24,572,"Boy",0,62,31
24,572,"Boy",1,80,32
24,572,"Boy",2,44,36
24,573,"Boy",0,41,20
24,573,"Boy",1,55,22
24,573,"Boy",2,23,27
24,574,"Boy",0,72,30
24,574,"Boy",1,83,33
24,574,"Boy",2,58,40
24,576,"Girl",0,83,34
24,576,"Girl",1,87,32
24,576,"Girl",2,66,37
24,577,"Boy",0,70,27
24,577,"Boy",1,82,25
24,577,"Boy",2,51,33
24,578,"Girl",0,89,37
24,578,"Girl",1,89,36
24,578,"Girl",2,74,37
24,579,"Girl",0,87,35
24,579,"Girl",1,87,35
24,579,"Girl",2,77,37
24,580,"Girl",0,41,20
24,580,"Girl",1,74,29
24,580,"Girl",2,36,36
24,582,"Girl",0,25,12
24,582,"Girl",1,68,15
24,582,"Girl",2,17,23
24,583,"Girl",0,71,18
24,583,"Girl",1,81,27
24,583,"Girl",2,46,31
24,584,"Girl",0,70,22
24,584,"Girl",1,84,20
24,584,"Girl",2,41,31
24,585,"Boy",0,43,26
24,585,"Boy",1,72,24
24,585,"Boy",2,48,36
24,586,"Girl",0,52,26
24,586,"Girl",1,76,27
24,586,"Girl",2,34,29
24,587,"Girl",0,86,31
24,587,"Girl",1,88,38
24,587,"Girl",2,55,38
25,589,"Girl",0,32,20
25,589,"Girl",1,54,15
25,589,"Girl",2,30,25
25,590,"Girl",0,26,23
25,590,"Girl",1,47,22
25,591,"Girl",1,84,22
25,591,"Girl",2,47,31
25,592,"Boy",0,12,22
25,592,"Boy",1,27,12
25,592,"Boy",2,24,28
25,593,"Girl",0,83,31
25,593,"Girl",1,88,30
25,594,"Boy",0,84,38
25,594,"Boy",1,88,34
25,594,"Boy",2,71,34
25,597,"Girl",0,70,25
25,597,"Girl",1,80,19
25,597,"Girl",2,48,32
25,598,"Girl",0,87,34
25,598,"Girl",1,89,36
25,598,"Girl",2,82,40
25,599,"Girl",0,84,36
25,599,"Girl",1,87,35
25,599,"Girl",2,85,39
25,600,"Boy",0,17,24
25,600,"Boy",2,8,30
25,601,"Boy",0,55,27
25,601,"Boy",1,32,16
25,601,"Boy",2,18,33
25,603,"Boy",0,26,30
25,603,"Boy",1,29,22
25,603,"Boy",2,6,29
25,605,"Boy",0,49,25
25,605,"Boy",1,75,26
25,605,"Boy",2,32,34
25,607,"Boy",0,53,27
25,607,"Boy",1,40,24
25,608,"Boy",0,51,31
25,608,"Boy",1,66,29
25,610,"Boy",1,77,30
25,610,"Boy",2,55,35
25,612,"Boy",0,15,18
25,612,"Boy",1,30,23
25,612,"Boy",2,32,33
25,613,"Boy",0,71,31
25,613,"Boy",1,81,28
25,613,"Boy",2,36,32
26,614,"Boy",0,21,21
26,614,"Boy",1,79,26
26,615,"Girl",0,43,31
26,615,"Girl",1,84,36
26,615,"Girl",2,39,36
26,616,"Girl",0,22,25
26,616,"Girl",1,73,27
26,617,"Girl",0,31,20
26,617,"Girl",1,51,25
26,617,"Girl",2,12,35
26,618,"Boy",0,25,30
26,618,"Boy",1,50,25
26,618,"Boy",2,13,34
26,619,"Boy",0,13,23
26,619,"Boy",1,36,20
26,620,"Boy",0,54,29
26,620,"Boy",1,84,31
26,620,"Boy",2,38,37
26,621,"Boy",0,23,15
26,621,"Boy",1,78,18
26,621,"Boy",2,42,24
26,622,"Boy",0,65,30
26,622,"Boy",1,83,34
26,622,"Boy",2,36,33
26,623,"Girl",0,16,11
26,623,"Girl",1,42,16
26,624,"Boy",0,6,11
26,624,"Boy",1,34,14
26,624,"Boy",2,8,11
26,625,"Girl",0,32,32
26,625,"Girl",1,78,35
26,625,"Girl",2,47,37
26,626,"Girl",0,23,25
26,626,"Girl",1,69,29
26,626,"Girl",2,40,33
26,627,"Boy",0,46,22
26,627,"Boy",1,66,20
26,627,"Boy",2,29,26
26,628,"Girl",0,58,33
26,628,"Girl",1,80,38
26,628,"Girl",2,43,39
26,629,"Girl",0,88,22
26,629,"Girl",1,89,29
26,630,"Boy",0,29,15
26,630,"Boy",1,61,25
26,632,"Boy",0,2,13
26,632,"Boy",1,15,18
26,633,"Girl",0,22,25
26,633,"Girl",1,73,31
26,633,"Girl",2,22,29
26,634,"Girl",0,64,31
26,634,"Girl",1,87,36
26,634,"Girl",2,61,37
26,635,"Boy",0,61,34
26,635,"Boy",1,81,28
26,635,"Boy",2,44,36
26,636,"Boy",0,74,28
26,636,"Boy",1,85,33
26,637,"Girl",0,69,24
26,637,"Girl",1,80,20
26,637,"Girl",2,48,33
26,638,"Boy",0,41,31
26,638,"Boy",1,70,30
26,639,"Girl",0,55,32
26,639,"Girl",1,65,30
26,639,"Girl",2,35,35
26,640,"Boy",0,75,33
26,640,"Boy",1,79,28
26,640,"Boy",2,53,30
26,641,"Boy",0,67,33
26,641,"Boy",1,85,35
26,641,"Boy",2,68,39
26,642,"Boy",0,64,24
26,642,"Boy",1,78,18
26,642,"Boy",2,34,27
26,643,"Boy",0,38,17
26,643,"Boy",1,54,14
26,643,"Boy",2,15,18
27,644,"Girl",0,50,22
27,644,"Girl",1,74,21
27,644,"Girl",2,25,33
27,645,"Boy",0,16,16
27,645,"Boy",1,25,23
27,646,"Boy",0,19,19
27,646,"Boy",1,41,22
27,646,"Boy",2,7,29
27,647,"Boy",1,48,15
27,647,"Boy",2,15,28
27,648,"Girl",0,33,25
27,648,"Girl",1,59,26
27,648,"Girl",2,22,30
27,649,"Boy",0,28,28
27,649,"Boy",1,71,26
27,649,"Boy",2,15,31
27,650,"Girl",0,14,18
27,650,"Girl",1,49,8
27,650,"Girl",2,23,14
27,651,"Boy",0,51,28
27,651,"Boy",1,64,26
27,651,"Boy",2,36,36
27,652,"Boy",0,22,23
27,652,"Boy",1,32,16
27,652,"Boy",2,9,23
27,653,"Boy",0,9,8
27,653,"Boy",1,13,7
27,654,"Girl",0,69,20
27,654,"Girl",1,81,21
27,654,"Girl",2,51,33
27,655,"Boy",0,49,23
27,655,"Boy",1,68,25
27,655,"Boy",2,22,33
27,656,"Boy",0,13,25
27,656,"Boy",1,39,22
27,656,"Boy",2,21,31
27,658,"Girl",0,45,17
27,658,"Girl",1,52,8
27,659,"Girl",0,59,27
27,659,"Girl",1,77,28
27,659,"Girl",2,43,39
27,660,"Boy",0,58,22
27,660,"Boy",1,66,27
27,660,"Boy",2,33,32
27,661,"Boy",0,65,26
27,661,"Boy",1,77,22
27,661,"Boy",2,38,32
27,662,"Boy",0,21,22
27,662,"Boy",1,31,14
27,663,"Girl",0,20,19
27,663,"Girl",1,21,16
27,663,"Girl",2,8,21
27,664,"Girl",0,34,18
27,664,"Girl",1,55,20
27,664,"Girl",2,31,29
27,665,"Girl",0,81,36
27,665,"Girl",1,80,37
27,665,"Girl",2,65,39
27,666,"Girl",0,34,25
27,666,"Girl",1,48,24
27,666,"Girl",2,27,29
27,667,"Boy",0,25,24
27,667,"Boy",1,64,19
27,667,"Boy",2,19,28
27,668,"Girl",1,83,24
27,668,"Girl",2,62,33
27,669,"Boy",1,74,18
27,669,"Boy",2,54,29
27,670,"Boy",0,19,18
27,670,"Boy",1,14,19
27,671,"Boy",0,68,30
27,671,"Boy",1,80,36
27,671,"Boy",2,46,37
28,672,"Girl",0,3,13
28,672,"Girl",1,14,13
28,672,"Girl",2,4,14
28,673,"Girl",0,15,11
28,673,"Girl",1,13,9
28,673,"Girl",2,6,14
28,674,"Boy",0,0,1
28,675,"Boy",0,5,18
28,677,"Girl",0,25,16
28,677,"Girl",1,37,14
28,677,"Girl",2,14,22
28,678,"Girl",0,26,9
28,678,"Girl",1,47,10
28,678,"Girl",2,10,13
28,679,"Boy",0,13,21
28,679,"Boy",1,27,14
28,679,"Boy",2,16,31
28,680,"Girl",0,22,25
28,680,"Girl",1,68,22
28,680,"Girl",2,39,39
28,683,"Girl",1,29,10
28,683,"Girl",2,13,14
28,684,"Boy",0,8,14
28,684,"Boy",1,22,17
28,684,"Boy",2,12,21
28,686,"Girl",0,10,24
28,686,"Girl",1,52,24
28,686,"Girl",2,29,21
28,687,"Girl",0,86,27
28,687,"Girl",1,91,30
28,688,"Girl",0,17,12
28,688,"Girl",1,41,28
28,688,"Girl",2,19,25
28,689,"Boy",0,14,11
28,689,"Boy",1,27,24
28,689,"Boy",2,20,27
28,690,"Boy",0,20,27
28,690,"Boy",1,50,16
28,690,"Boy",2,18,22
28,691,"Boy",0,64,29
28,691,"Boy",1,87,33
28,691,"Boy",2,57,37
28,692,"Girl",0,41,26
28,692,"Girl",1,57,23
28,692,"Girl",2,43,29
28,694,"Girl",0,74,29
28,694,"Girl",1,89,32
28,694,"Girl",2,92,39
29,696,"Boy",0,52,23
29,696,"Boy",1,75,29
29,696,"Boy",2,15,29
29,697,"Boy",1,16,21
29,697,"Boy",2,4,22
29,699,"Girl",0,62,32
29,699,"Girl",1,84,35
29,699,"Girl",2,49,36
29,700,"Girl",0,22,18
29,700,"Girl",1,42,23
29,701,"Girl",0,46,19
29,701,"Girl",1,76,27
29,701,"Girl",2,24,29
29,702,"Girl",0,81,30
29,702,"Girl",1,81,31
29,703,"Girl",0,49,22
29,703,"Girl",1,70,29
29,703,"Girl",2,54,32
29,705,"Boy",0,15,20
29,705,"Boy",1,23,32
29,707,"Boy",0,22,19
29,707,"Boy",1,59,30
29,707,"Boy",2,15,20
29,708,"Girl",0,64,28
29,708,"Girl",1,83,21
29,708,"Girl",2,28,28
29,709,"Boy",0,80,24
29,709,"Boy",1,77,29
29,709,"Boy",2,54,29
29,710,"Boy",0,31,25
29,710,"Boy",1,46,24
29,711,"Boy",0,67,31
29,711,"Boy",1,82,31
29,711,"Boy",2,44,29
29,712,"Girl",0,72,25
29,712,"Girl",1,77,28
29,713,"Boy",0,26,17
29,713,"Boy",1,27,15
29,713,"Boy",2,0,14
29,714,"Boy",0,46,24
29,714,"Boy",1,69,28
29,714,"Boy",2,22,33
29,715,"Girl",0,46,19
29,715,"Girl",1,77,23
29,715,"Girl",2,18,24
29,716,"Boy",0,18,21
29,716,"Boy",1,42,30
29,716,"Boy",2,20,29
29,717,"Boy",0,83,36
29,717,"Boy",1,89,29
29,719,"Girl",0,45,27
29,719,"Girl",1,68,24
29,720,"Girl",0,86,35
29,720,"Girl",1,88,35
29,721,"Girl",0,76,31
29,721,"Girl",1,81,35
29,722,"Girl",0,52,30
29,722,"Girl",1,66,30
29,723,"Girl",0,86,34
29,723,"Girl",1,89,34
29,724,"Girl",0,72,22
29,724,"Girl",1,80,27
30,725,"Girl",0,82,33
30,725,"Girl",1,90,33
30,725,"Girl",2,76,38
30,726,"Girl",0,84,23
30,726,"Girl",1,87,29
30,726,"Girl",2,58,35
30,727,"Boy",0,81,29
30,727,"Boy",2,67,37
30,728,"Boy",0,21,8
30,728,"Boy",1,19,17
30,728,"Boy",2,11,31
30,729,"Boy",0,53,28
30,729,"Boy",1,77,22
30,730,"Girl",0,78,28
30,730,"Girl",1,87,30
30,731,"Girl",0,74,28
30,731,"Girl",1,89,30
30,731,"Girl",2,66,35
30,732,"Girl",0,69,22
30,732,"Girl",1,79,21
30,732,"Girl",2,47,27
30,733,"Girl",0,36,12
30,733,"Girl",1,59,22
30,734,"Girl",0,72,19
30,734,"Girl",1,84,25
30,734,"Girl",2,56,25
30,735,"Boy",0,78,27
30,735,"Boy",2,78,32
30,736,"Girl",0,79,22
30,736,"Girl",1,79,27
30,736,"Girl",2,52,30
30,737,"Boy",0,39,13
30,737,"Boy",1,39,12
30,737,"Boy",2,9,18
30,738,"Boy",2,19,19
30,739,"Girl",2,90,35
30,740,"Boy",0,60,28
30,740,"Boy",1,78,26
30,740,"Boy",2,56,36
30,741,"Girl",0,63,19
30,741,"Girl",1,72,22
30,743,"Girl",0,86,23
30,743,"Girl",1,88,32
30,744,"Girl",0,83,34
30,744,"Girl",1,88,36
30,744,"Girl",2,78,37
30,745,"Girl",0,50,31
30,745,"Girl",1,71,30
30,746,"Girl",0,67,28
30,746,"Girl",1,82,26
30,746,"Girl",2,62,32
30,747,"Girl",0,50,28
30,747,"Girl",1,78,33
30,747,"Girl",2,31,38
30,748,"Girl",0,69,30
30,748,"Girl",1,81,26
30,748,"Girl",2,78,32
30,749,"Girl",0,29,30
30,749,"Girl",2,28,35
30,750,"Girl",0,69,24
30,750,"Girl",1,90,29
30,751,"Girl",0,71,25
30,751,"Girl",1,77,25
30,751,"Girl",2,59,30
30,752,"Girl",0,52,29
30,752,"Girl",1,70,31
30,752,"Girl",2,43,32
30,753,"Boy",0,52,33
30,753,"Boy",1,75,31
30,753,"Boy",2,33,34
30,754,"Girl",0,87,27
30,754,"Girl",1,89,33
30,754,"Girl",2,82,35
30,755,"Girl",0,79,33
30,755,"Girl",1,88,25
30,755,"Girl",2,80,34
30,756,"Boy",0,48,20
30,756,"Boy",2,51,29
30,757,"Girl",0,77,26
30,757,"Girl",1,85,27
30,758,"Boy",0,82,25
30,758,"Boy",2,56,35
30,759,"Girl",0,58,21
30,759,"Girl",1,82,24
30,760,"Girl",0,6,12
30,760,"Girl",1,30,10
30,760,"Girl",2,12,11
30,762,"Boy",0,57,25
30,762,"Boy",1,70,19
30,762,"Boy",2,43,25
30,763,"Girl",0,29,15
31,764,"Boy",0,26,18
31,764,"Boy",1,76,21
31,764,"Boy",2,73,39
31,765,"Boy",0,76,35
31,765,"Boy",1,86,37
31,765,"Boy",2,86,39
31,766,"Boy",0,65,29
31,766,"Boy",1,85,29
31,766,"Boy",2,72,37
31,768,"Boy",0,76,32
31,768,"Boy",1,89,37
31,768,"Boy",2,75,39
31,770,"Girl",0,75,28
31,770,"Girl",1,82,31
31,770,"Girl",2,66,36
31,771,"Boy",0,26,17
31,771,"Boy",1,71,20
31,772,"Girl",0,76,25
31,772,"Girl",1,83,28
31,772,"Girl",2,44,35
31,773,"Girl",0,67,24
31,773,"Girl",1,78,15
31,773,"Girl",2,56,30
31,774,"Boy",0,22,33
31,774,"Boy",1,73,32
31,774,"Boy",2,61,35
31,775,"Boy",0,47,35
31,775,"Boy",1,79,30
31,775,"Boy",2,76,37
31,776,"Girl",0,40,20
31,776,"Girl",1,69,18
31,776,"Girl",2,37,34
31,777,"Girl",0,31,20
31,777,"Girl",1,71,19
31,777,"Girl",2,29,30
31,779,"Girl",0,57,22
31,779,"Girl",1,74,23
31,779,"Girl",2,54,31
31,780,"Boy",0,31,18
31,780,"Boy",1,69,25
31,780,"Boy",2,50,30
31,781,"Boy",0,29,14
31,781,"Boy",1,74,15
31,781,"Boy",2,38,33
31,782,"Boy",0,14,13
31,782,"Boy",1,62,20
31,782,"Boy",2,47,35
31,783,"Girl",0,73,34
31,783,"Girl",1,86,24
31,783,"Girl",2,58,31
31,784,"Boy",0,26,27
31,784,"Boy",1,69,21
31,784,"Boy",2,53,35
31,785,"Boy",0,30,26
31,785,"Boy",1,64,32
31,785,"Boy",2,49,37
31,786,"Boy",0,84,33
31,786,"Boy",1,89,39
31,786,"Boy",2,97,40
31,787,"Boy",0,63,28
31,787,"Boy",1,76,21
31,787,"Boy",2,47,30
31,788,"Girl",0,79,34
31,788,"Girl",1,88,33
31,788,"Girl",2,77,39
31,789,"Girl",0,85,38
31,789,"Girl",1,90,38
31,789,"Girl",2,95,40
31,790,"Girl",0,74,35
31,790,"Girl",1,86,33
31,790,"Girl",2,66,38
31,791,"Girl",0,84,36
31,791,"Girl",1,87,40
31,791,"Girl",2,85,40
31,793,"Boy",0,83,40
31,793,"Boy",1,86,37
31,793,"Boy",2,83,40
31,794,"Boy",0,88,35
31,794,"Boy",1,90,30
31,794,"Boy",2,70,36
31,796,"Boy",0,82,37
31,796,"Boy",1,88,33
31,796,"Boy",2,85,39
31,797,"Boy",0,87,40
31,797,"Boy",1,88,40
31,797,"Boy",2,93,40
31,798,"Boy",0,37,33
31,798,"Boy",1,70,36
31,798,"Boy",2,54,33
31,799,"Girl",0,69,30
31,799,"Girl",1,79,33
31,799,"Girl",2,43,36
31,800,"Girl",0,49,24
31,800,"Girl",1,68,21
31,800,"Girl",2,41,33
31,801,"Boy",0,59,27
31,801,"Boy",1,80,28
31,801,"Boy",2,76,37
31,802,"Girl",0,34,22
31,802,"Girl",1,70,24
31,802,"Girl",2,38,35
31,803,"Girl",0,59,13
31,803,"Girl",1,79,10
31,803,"Girl",2,37,28
31,804,"Boy",0,83,35
31,804,"Boy",1,89,35
31,804,"Boy",2,85,37
32,805,"Girl",0,21,20
32,805,"Girl",1,42,17
32,805,"Girl",2,24,22
32,806,"Girl",0,86,33
32,806,"Girl",2,75,36
32,807,"Girl",0,74,30
32,807,"Girl",1,83,32
32,807,"Girl",2,51,37
32,808,"Girl",0,35,24
32,808,"Girl",1,82,32
32,808,"Girl",2,51,32
32,809,"Girl",0,88,32
32,809,"Girl",1,90,34
32,809,"Girl",2,72,34
32,810,"Girl",0,29,21
32,810,"Girl",1,67,27
32,810,"Girl",2,40,34
32,811,"Girl",0,82,29
32,811,"Girl",1,87,33
32,811,"Girl",2,74,32
32,812,"Girl",0,31,24
32,812,"Girl",1,52,18
32,812,"Girl",2,22,23
32,813,"Girl",0,32,16
32,813,"Girl",1,52,19
32,813,"Girl",2,21,18
32,814,"Girl",0,82,36
32,814,"Girl",1,90,39
32,814,"Girl",2,80,37
32,815,"Girl",0,90,33
32,815,"Girl",1,86,33
32,815,"Girl",2,77,31
32,816,"Girl",0,31,20
32,816,"Girl",1,64,25
32,816,"Girl",2,54,32
32,817,"Girl",0,51,31
32,817,"Girl",1,75,29
32,817,"Girl",2,25,32
32,818,"Girl",0,76,31
32,818,"Girl",1,88,32
32,818,"Girl",2,66,35
32,819,"Girl",0,27,17
32,819,"Girl",1,28,23
32,820,"Girl",0,45,23
32,820,"Girl",1,78,26
32,820,"Girl",2,32,25
32,821,"Girl",0,17,18
32,821,"Girl",1,66,22
32,822,"Girl",0,59,29
32,822,"Girl",1,86,31
32,822,"Girl",2,54,37
32,823,"Girl",0,70,30
32,823,"Girl",1,82,24
32,823,"Girl",2,50,34
32,824,"Girl",0,51,34
32,824,"Girl",1,85,32
32,824,"Girl",2,59,34
32,825,"Girl",0,30,11
32,825,"Girl",1,66,12
32,825,"Girl",2,25,13
32,826,"Girl",0,58,26
32,826,"Girl",1,79,29
32,826,"Girl",2,45,30
32,827,"Girl",0,23,18
32,827,"Girl",1,24,18
32,828,"Girl",0,47,17
32,828,"Girl",1,64,23
32,828,"Girl",2,26,27
32,829,"Girl",0,40,14
32,829,"Girl",1,63,16
32,829,"Girl",2,25,21
32,830,"Girl",0,56,22
32,830,"Girl",1,71,31
32,830,"Girl",2,33,19
33,831,"Girl",0,57,30
33,831,"Girl",1,63,24
33,831,"Girl",2,46,31
33,832,"Girl",0,24,20
33,832,"Girl",1,41,25
33,832,"Girl",2,17,21
33,833,"Boy",0,64,35
33,833,"Boy",1,82,23
33,833,"Boy",2,34,26
33,834,"Boy",0,16,21
33,834,"Boy",1,33,13
33,834,"Boy",2,15,11
33,835,"Boy",0,50,27
33,835,"Boy",1,60,20
33,835,"Boy",2,45,23
33,836,"Girl",1,82,28
33,836,"Girl",2,57,25
33,837,"Boy",1,40,27
33,837,"Boy",2,16,22
33,838,"Boy",0,69,28
33,838,"Boy",1,87,26
33,838,"Boy",2,67,30
33,841,"Boy",0,37,28
33,841,"Boy",1,71,31
33,841,"Boy",2,28,24
33,842,"Girl",0,81,34
33,842,"Girl",1,87,36
33,842,"Girl",2,87,38
33,843,"Girl",0,45,19
33,843,"Girl",1,61,17
33,843,"Girl",2,23,18
33,844,"Girl",1,36,18
33,844,"Girl",2,23,21
33,845,"Boy",0,18,22
33,845,"Boy",1,61,15
33,845,"Boy",2,31,24
33,846,"Boy",0,28,24
33,846,"Boy",1,28,22
33,847,"Girl",0,36,27
33,847,"Girl",1,73,17
33,847,"Girl",2,30,28
33,848,"Boy",0,45,30
33,848,"Boy",1,74,15
33,848,"Boy",2,41,30
33,849,"Boy",0,81,31
33,849,"Boy",1,74,28
33,849,"Boy",2,67,32
33,850,"Girl",0,56,24
33,850,"Girl",1,78,17
33,850,"Girl",2,45,23
33,851,"Boy",0,81,33
33,851,"Boy",1,78,27
33,851,"Boy",2,47,33
33,852,"Girl",0,70,27
33,852,"Girl",1,80,22
33,852,"Girl",2,37,35
33,853,"Girl",0,71,29
33,853,"Girl",1,83,24
33,853,"Girl",2,63,31
33,854,"Boy",1,59,15
33,854,"Boy",2,37,27
33,855,"Girl",0,55,28
33,855,"Girl",1,67,14
33,856,"Boy",0,79,32
33,856,"Boy",1,84,30
33,856,"Boy",2,60,33
33,857,"Girl",0,74,31
33,857,"Girl",1,84,21
33,857,"Girl",2,62,28
33,858,"Girl",0,90,34
33,858,"Girl",1,89,35
33,858,"Girl",2,95,36
33,859,"Boy",0,63,35
33,859,"Boy",1,85,35
33,859,"Boy",2,68,35
33,860,"Girl",0,20,24
33,860,"Girl",1,59,20
33,860,"Girl",2,28,26
33,861,"Girl",0,49,28
33,861,"Girl",1,68,22
33,861,"Girl",2,25,21
33,862,"Boy",0,26,21
33,862,"Boy",1,48,12
33,862,"Boy",2,18,25
33,863,"Girl",0,75,35
33,863,"Girl",1,76,35
33,863,"Girl",2,77,37
33,864,"Boy",0,63,27
33,864,"Boy",1,83,23
33,864,"Boy",2,54,32
33,865,"Boy",0,58,28
33,865,"Boy",1,70,30
33,865,"Boy",2,53,35
33,866,"Boy",0,67,33
33,866,"Boy",1,80,32
33,866,"Boy",2,53,33
33,867,"Girl",0,90,32
33,867,"Girl",1,90,30
33,867,"Girl",2,78,37
33,868,"Boy",0,82,31
33,868,"Boy",1,80,29
33,868,"Boy",2,71,37
33,869,"Boy",0,62,30
33,869,"Boy",1,80,25
33,869,"Boy",2,51,30
33,870,"Boy",0,74,30
33,870,"Boy",2,61,33
33,871,"Girl",0,77,33
33,871,"Girl",1,82,27
33,871,"Girl",2,66,28
33,872,"Girl",0,89,36
33,872,"Girl",1,90,39
33,872,"Girl",2,95,37
33,873,"Boy",0,67,30
33,873,"Boy",1,74,23
33,873,"Boy",2,39,32
33,874,"Boy",0,66,26
33,874,"Boy",1,76,29
33,874,"Boy",2,57,27
33,875,"Girl",0,80,31
33,875,"Girl",1,86,26
33,875,"Girl",2,72,33
33,876,"Girl",0,81,34
33,876,"Girl",1,83,28
33,876,"Girl",2,72,33
33,877,"Girl",0,71,28
33,877,"Girl",1,81,31
33,877,"Girl",2,54,32
33,878,"Girl",0,91,39
33,878,"Girl",1,90,32
33,878,"Girl",2,89,36
34,879,"Boy",0,61,25
34,879,"Boy",1,76,31
34,879,"Boy",2,46,34
34,881,"Girl",0,67,30
34,881,"Girl",1,84,35
34,881,"Girl",2,63,36
34,882,"Girl",0,9,12
34,882,"Girl",1,48,12
34,882,"Girl",2,13,23
34,883,"Boy",0,72,26
34,883,"Boy",1,85,33
34,883,"Boy",2,42,36
34,884,"Girl",0,36,24
34,884,"Girl",1,75,28
34,884,"Girl",2,61,31
34,885,"Girl",0,68,30
34,885,"Girl",1,86,32
34,885,"Girl",2,70,35
34,886,"Girl",0,69,32
34,886,"Girl",1,86,31
34,886,"Girl",2,73,35
34,887,"Girl",0,64,30
34,887,"Girl",1,83,34
34,887,"Girl",2,67,37
34,889,"Girl",0,76,31
34,889,"Girl",1,86,36
34,890,"Girl",1,78,25
34,891,"Girl",0,36,24
34,891,"Girl",1,59,29
34,891,"Girl",2,48,34
34,892,"Girl",0,78,33
34,892,"Girl",1,86,35
34,892,"Girl",2,81,37
34,893,"Boy",0,81,31
34,893,"Boy",1,89,36
34,893,"Boy",2,75,38
34,894,"Girl",0,46,32
34,894,"Girl",1,73,21
34,894,"Girl",2,41,30
34,895,"Boy",0,48,17
34,895,"Boy",1,75,16
34,895,"Boy",2,38,30
34,896,"Girl",0,66,24
34,896,"Girl",1,80,28
34,897,"Boy",0,86,35
34,897,"Boy",1,91,31
34,898,"Girl",0,34,31
34,898,"Girl",1,73,32
34,898,"Girl",2,41,35
34,899,"Girl",0,30,21
34,899,"Girl",1,69,20
34,900,"Girl",0,67,33
34,900,"Girl",1,83,36
34,900,"Girl",2,56,37
34,901,"Girl",0,47,16
34,901,"Girl",1,69,22
34,904,"Girl",0,26,19
34,904,"Girl",1,48,24
34,904,"Girl",2,18,29
34,905,"Boy",0,84,31
34,905,"Boy",1,87,34
34,905,"Boy",2,72,39
34,906,"Girl",0,57,21
34,906,"Girl",1,78,25
34,906,"Girl",2,45,32
34,907,"Boy",0,14,22
34,907,"Boy",1,40,28
34,907,"Boy",2,25,31
34,908,"Girl",0,40,27
34,908,"Girl",1,75,30
34,908,"Girl",2,34,36
34,910,"Girl",0,73,33
34,910,"Girl",1,86,27
34,910,"Girl",2,89,36
34,911,"Boy",1,76,24
34,911,"Boy",2,48,34
34,912,"Girl",0,24,29
34,912,"Girl",1,53,27
34,912,"Girl",2,26,34
34,913,"Girl",1,69,30
34,913,"Girl",2,60,35
34,915,"Girl",0,21,15
34,915,"Girl",1,37,16
34,916,"Girl",0,14,20
34,916,"Girl",1,37,20
34,916,"Girl",2,60,30
34,917,"Boy",0,28,23
34,917,"Boy",1,58,23
34,917,"Boy",2,24,30
34,918,"Girl",0,15,20
34,918,"Girl",1,46,19
34,918,"Girl",2,25,30
35,919,"Girl",0,81,37
35,919,"Girl",1,89,30
35,919,"Girl",2,58,37
35,920,"Girl",0,78,37
35,920,"Girl",1,80,34
35,920,"Girl",2,70,34
35,922,"Girl",0,75,32
35,922,"Girl",1,87,29
35,922,"Girl",2,62,35
35,923,"Boy",0,41,36
35,923,"Boy",1,78,34
35,923,"Boy",2,60,34
35,924,"Girl",1,86,34
35,925,"Girl",0,90,37
35,925,"Girl",1,90,27
35,925,"Girl",2,87,38
35,926,"Boy",0,79,31
35,926,"Boy",1,85,29
35,926,"Boy",2,50,29
35,927,"Girl",0,79,34
35,927,"Girl",1,85,33
35,927,"Girl",2,67,29
35,929,"Boy",0,13,30
35,929,"Boy",1,68,24
35,929,"Boy",2,33,27
35,930,"Girl",0,26,33
35,930,"Girl",1,85,33
35,930,"Girl",2,60,34
35,931,"Girl",0,88,36
35,931,"Girl",1,91,37
35,931,"Girl",2,88,38
35,934,"Girl",0,29,19
35,934,"Girl",1,82,28
35,934,"Girl",2,25,24
35,935,"Boy",0,16,31
35,935,"Boy",1,44,26
35,935,"Boy",2,27,34
35,937,"Girl",0,3,19
35,937,"Girl",1,27,10
35,937,"Girl",2,5,9
35,938,"Boy",0,2,18
35,938,"Boy",1,25,12
35,939,"Girl",0,15,24
35,939,"Girl",1,76,21
35,939,"Girl",2,45,34
35,941,"Girl",0,55,18
35,941,"Girl",1,89,21
35,942,"Girl",0,65,33
35,942,"Girl",1,87,25
35,942,"Girl",2,69,36
35,943,"Boy",0,8,24
35,943,"Boy",1,62,8
35,943,"Boy",2,31,18
36,946,"Girl",1,29,9
36,948,"Boy",0,26,27
36,948,"Boy",1,62,22
36,948,"Boy",2,44,37
36,949,"Girl",0,54,30
36,949,"Girl",1,83,31
36,949,"Girl",2,42,34
36,950,"Boy",0,82,28
36,950,"Boy",1,88,32
36,950,"Boy",2,73,39
36,951,"Girl",0,69,20
36,951,"Girl",1,88,30
36,951,"Girl",2,49,32
36,952,"Girl",0,16,19
36,952,"Girl",1,61,26
36,952,"Girl",2,40,37
36,953,"Boy",0,80,31
36,953,"Boy",1,88,35
36,953,"Boy",2,72,36
36,954,"Girl",0,47,19
36,954,"Girl",1,64,22
36,955,"Girl",0,70,23
36,955,"Girl",1,81,22
36,955,"Girl",2,66,35
36,956,"Girl",0,79,30
36,956,"Girl",1,88,33
36,956,"Girl",2,71,39
36,957,"Girl",0,76,31
36,957,"Girl",1,88,29
36,958,"Girl",0,85,33
36,958,"Girl",1,86,36
36,958,"Girl",2,76,39
36,960,"Girl",0,75,26
36,960,"Girl",2,35,32
36,961,"Boy",0,73,35
36,961,"Boy",1,85,35
36,961,"Boy",2,63,36
36,962,"Boy",0,65,28
36,962,"Boy",1,72,31
36,962,"Boy",2,64,36
36,963,"Boy",0,26,19
36,963,"Boy",1,48,21
36,963,"Boy",2,17,31
36,964,"Girl",0,75,26
36,964,"Girl",1,70,20
36,964,"Girl",2,41,30
36,965,"Boy",0,29,15
36,965,"Boy",1,63,19
36,965,"Boy",2,61,34
36,967,"Girl",0,71,25
36,968,"Girl",0,69,26
36,968,"Girl",1,86,30
36,968,"Girl",2,63,39
36,969,"Boy",0,18,18
36,969,"Boy",1,40,13
36,969,"Boy",2,43,32
36,970,"Boy",0,33,23
36,970,"Boy",1,67,15
36,970,"Boy",2,39,33
36,971,"Girl",0,89,39
36,971,"Girl",1,89,37
36,971,"Girl",2,98,40
36,972,"Boy",0,69,35
36,972,"Boy",1,80,28
36,972,"Boy",2,45,35
36,973,"Boy",0,76,33
36,973,"Boy",1,81,29
36,973,"Boy",2,58,33
36,974,"Girl",0,55,22
36,974,"Girl",1,78,20
36,974,"Girl",2,36,32
36,975,"Girl",0,72,31
36,975,"Girl",1,88,37
36,975,"Girl",2,68,37
36,976,"Girl",0,68,26
36,976,"Girl",1,82,33
36,976,"Girl",2,48,36
36,977,"Girl",0,44,20
36,977,"Girl",1,66,21
36,977,"Girl",2,64,37
36,978,"Girl",0,60,16
36,978,"Girl",1,80,16
36,978,"Girl",2,60,32
36,979,"Girl",0,86,36
36,979,"Girl",1,89,35
36,979,"Girl",2,94,40
36,980,"Boy",0,45,20
36,980,"Boy",1,77,20
36,980,"Boy",2,31,33
37,981,"Boy",0,40,32
37,981,"Boy",1,61,30
37,981,"Boy",2,43,33
37,982,"Girl",0,36,19
37,982,"Girl",1,72,22
37,982,"Girl",2,43,25
37,983,"Girl",0,42,32
37,983,"Girl",1,70,23
37,983,"Girl",2,37,31
37,984,"Girl",0,78,27
37,984,"Girl",1,84,25
37,984,"Girl",2,52,32
37,985,"Girl",0,53,15
37,985,"Girl",1,82,24
37,986,"Girl",1,76,19
37,986,"Girl",2,69,36
37,987,"Boy",0,74,31
37,987,"Boy",1,87,32
37,987,"Boy",2,75,37
37,988,"Boy",0,61,19
37,988,"Boy",1,65,22
37,988,"Boy",2,43,26
37,989,"Girl",0,77,25
37,989,"Girl",1,83,31
37,989,"Girl",2,59,35
37,990,"Girl",0,87,32
37,990,"Girl",1,90,34
37,990,"Girl",2,87,33
37,991,"Girl",0,63,36
37,991,"Girl",1,85,32
37,992,"Boy",0,75,29
37,992,"Boy",1,88,30
37,992,"Boy",2,80,35
37,993,"Girl",0,81,36
37,993,"Girl",1,84,33
37,994,"Girl",0,74,24
37,994,"Girl",1,76,32
37,994,"Girl",2,44,29
37,995,"Girl",0,62,25
37,995,"Girl",1,69,28
37,995,"Girl",2,35,32
37,996,"Girl",0,37,18
37,996,"Girl",1,73,28
37,996,"Girl",2,59,36
37,997,"Boy",0,40,31
37,997,"Boy",1,59,23
37,997,"Boy",2,34,32
37,998,"Girl",0,86,36
37,998,"Girl",1,91,33
37,998,"Girl",2,80,37
37,999,"Boy",0,55,20
37,999,"Boy",1,77,19
37,999,"Boy",2,41,29
37,1000,"Boy",0,23,20
37,1000,"Boy",1,57,17
37,1000,"Boy",2,30,25
37,1001,"Girl",0,66,28
37,1001,"Girl",1,82,30
37,1002,"Girl",0,83,32
38,1003,"Boy",0,52,26
38,1003,"Boy",1,74,25
38,1003,"Boy",2,48,34
38,1004,"Girl",0,75,31
38,1004,"Girl",1,83,24
38,1004,"Girl",2,62,35
38,1005,"Boy",0,18,20
38,1005,"Boy",1,43,33
38,1005,"Boy",2,37,34
38,1006,"Boy",0,40,11
38,1006,"Boy",1,55,12
38,1006,"Boy",2,39,32
38,1007,"Boy",0,30,21
38,1007,"Boy",1,54,28
38,1007,"Boy",2,36,37
38,1008,"Boy",0,77,23
38,1008,"Boy",1,90,25
38,1008,"Boy",2,56,28
38,1009,"Girl",0,27,26
38,1009,"Girl",1,51,25
38,1010,"Girl",0,8,13
38,1010,"Girl",1,44,10
38,1010,"Girl",2,35,31
38,1011,"Girl",0,43,28
38,1011,"Girl",1,62,23
38,1011,"Girl",2,41,32
38,1012,"Girl",0,47,17
38,1012,"Girl",1,47,21
38,1012,"Girl",2,34,34
38,1013,"Boy",0,26,15
38,1013,"Boy",1,33,21
38,1013,"Boy",2,41,31
38,1014,"Boy",0,40,22
38,1014,"Boy",1,63,29
38,1014,"Boy",2,38,32
38,1015,"Boy",0,11,13
38,1015,"Boy",1,29,15
38,1016,"Boy",1,54,27
38,1016,"Boy",2,32,33
39,1017,"Girl",0,34,23
39,1017,"Girl",1,60,24
39,1017,"Girl",2,43,25
39,1018,"Girl",0,45,14
39,1018,"Girl",1,57,17
39,1018,"Girl",2,11,24
39,1019,"Girl",0,19,24
39,1019,"Girl",1,56,22
39,1019,"Girl",2,21,30
39,1020,"Girl",0,75,27
39,1020,"Girl",1,85,26
39,1020,"Girl",2,62,36
39,1021,"Boy",0,56,25
39,1021,"Boy",1,80,32
39,1021,"Boy",2,44,30
39,1022,"Girl",0,73,22
39,1022,"Girl",1,82,20
39,1022,"Girl",2,48,29
39,1023,"Boy",0,49,26
39,1023,"Boy",1,73,31
39,1023,"Boy",2,50,32
39,1024,"Boy",0,71,29
39,1024,"Boy",1,87,30
39,1024,"Boy",2,66,32
39,1025,"Girl",0,69,25
39,1025,"Girl",1,80,23
39,1025,"Girl",2,57,29
39,1026,"Boy",0,30,33
39,1026,"Boy",1,51,28
39,1026,"Boy",2,28,37
39,1027,"Girl",0,48,22
39,1027,"Girl",1,77,19
39,1028,"Girl",1,40,17
39,1028,"Girl",2,33,27
39,1029,"Girl",0,82,25
39,1029,"Girl",1,88,26
39,1029,"Girl",2,60,33
39,1030,"Girl",0,40,27
39,1030,"Girl",1,74,28
39,1030,"Girl",2,35,32
39,1031,"Boy",0,13,13
39,1031,"Boy",1,28,14
39,1031,"Boy",2,8,22
39,1032,"Girl",0,17,12
39,1032,"Girl",1,18,11
40,1033,"Girl",0,77,31
40,1033,"Girl",1,83,30
40,1034,"Boy",0,13,18
40,1034,"Boy",1,21,5
40,1035,"Girl",0,69,23
40,1035,"Girl",2,42,32
40,1036,"Girl",0,34,22
40,1036,"Girl",1,46,22
40,1036,"Girl",2,35,29
40,1037,"Girl",0,66,28
40,1037,"Girl",1,81,25
40,1037,"Girl",2,37,29
40,1038,"Girl",0,54,24
40,1038,"Girl",1,70,31
40,1038,"Girl",2,51,36
40,1039,"Boy",0,51,24
40,1039,"Boy",1,55,24
40,1039,"Boy",2,21,19
40,1040,"Boy",0,2,15
40,1040,"Boy",1,16,13
40,1040,"Boy",2,5,12
40,1041,"Girl",0,18,13
40,1041,"Girl",1,16,8
40,1041,"Girl",2,6,15
40,1042,"Girl",0,22,22
40,1042,"Girl",1,48,20
40,1043,"Girl",0,7,9
40,1043,"Girl",1,22,6
40,1043,"Girl",2,5,8
40,1045,"Boy",0,6,18
40,1045,"Boy",2,10,28
40,1047,"Girl",0,46,31
40,1047,"Girl",1,73,31
40,1047,"Girl",2,26,36
41,1052,"Girl",0,72,24
41,1052,"Girl",1,84,25
41,1053,"Girl",0,12,27
41,1053,"Girl",1,57,25
41,1053,"Girl",2,48,32
41,1054,"Girl",0,83,31
41,1054,"Girl",1,87,29
41,1054,"Girl",2,71,32
41,1055,"Boy",0,15,21
41,1055,"Boy",1,41,20
41,1055,"Boy",2,33,32
41,1056,"Boy",0,66,23
41,1056,"Boy",1,75,21
41,1056,"Boy",2,56,36
41,1057,"Girl",0,81,33
41,1057,"Girl",1,89,33
41,1057,"Girl",2,81,37
41,1058,"Girl",0,61,25
41,1058,"Girl",1,64,18
41,1058,"Girl",2,40,29
41,1059,"Girl",0,20,16
41,1059,"Girl",1,36,12
41,1060,"Girl",0,43,25
41,1060,"Girl",1,70,23
41,1060,"Girl",2,50,32
41,1061,"Girl",0,65,24
41,1061,"Girl",1,85,22
41,1061,"Girl",2,59,30
41,1062,"Girl",0,84,30
41,1062,"Girl",1,85,25
41,1062,"Girl",2,76,39
41,1063,"Girl",0,85,35
41,1063,"Girl",1,87,32
41,1063,"Girl",2,78,39
41,1064,"Girl",0,76,27
42,1065,"Boy",0,21,20
42,1065,"Boy",1,38,27
42,1065,"Boy",2,53,36
42,1066,"Boy",0,20,24
42,1066,"Boy",1,59,19
42,1066,"Boy",2,20,26
42,1067,"Girl",0,73,28
42,1067,"Girl",1,87,29
42,1067,"Girl",2,36,32
42,1068,"Boy",0,51,31
42,1068,"Boy",1,76,32
42,1068,"Boy",2,27,30
42,1069,"Boy",0,28,36
42,1069,"Boy",1,33,31
42,1069,"Boy",2,17,32
42,1070,"Girl",0,15,16
42,1070,"Girl",1,20,14
42,1070,"Girl",2,7,16
42,1071,"Boy",0,40,21
42,1071,"Boy",1,53,22
42,1071,"Boy",2,22,19
42,1072,"Boy",0,55,29
42,1072,"Boy",1,66,25
42,1072,"Boy",2,63,25
42,1074,"Boy",0,70,29
42,1074,"Boy",1,79,23
42,1074,"Boy",2,42,34
42,1075,"Boy",0,27,24
42,1075,"Boy",1,34,18
42,1075,"Boy",2,18,15
42,1076,"Boy",0,24,21
42,1076,"Boy",2,6,11
42,1077,"Girl",0,39,13
42,1077,"Girl",1,62,9
42,1077,"Girl",2,27,17
42,1078,"Boy",0,78,32
42,1078,"Boy",1,85,36
42,1078,"Boy",2,73,34
42,1079,"Boy",0,38,25
42,1079,"Boy",1,49,30
42,1080,"Girl",0,33,21
42,1080,"Girl",1,48,29
42,1080,"Girl",2,11,22
42,1081,"Boy",0,63,36
42,1081,"Boy",1,86,32
42,1081,"Boy",2,55,33
42,1082,"Girl",0,59,20
42,1082,"Girl",1,73,24
42,1082,"Girl",2,28,32
42,1083,"Girl",0,49,29
42,1083,"Girl",1,70,26
42,1083,"Girl",2,41,37
42,1084,"Boy",0,37,23
42,1084,"Boy",1,39,18
42,1084,"Boy",2,8,16
42,1085,"Girl",0,16,21
42,1085,"Girl",1,27,9
42,1085,"Girl",2,8,17
42,1087,"Boy",0,65,31
42,1087,"Boy",1,14,21
42,1087,"Boy",2,11,29
42,1088,"Girl",0,59,27
42,1088,"Girl",1,82,34
42,1088,"Girl",2,41,31
42,1089,"Girl",0,67,34
42,1089,"Girl",1,89,33
42,1090,"Girl",0,64,38
42,1090,"Girl",1,84,34
42,1090,"Girl",2,59,35
42,1091,"Boy",0,36,22
42,1091,"Boy",1,45,26
42,1091,"Boy",2,20,30
42,1092,"Girl",0,29,21
42,1092,"Girl",1,25,25
42,1092,"Girl",2,10,28
42,1093,"Boy",0,85,36
42,1093,"Boy",1,82,35
42,1093,"Boy",2,64,35
42,1094,"Girl",0,85,29
42,1094,"Girl",1,82,24
42,1095,"Boy",0,65,37
42,1095,"Boy",1,64,37
42,1095,"Boy",2,36,33
42,1096,"Boy",0,42,24
42,1096,"Boy",1,51,15
42,1097,"Boy",0,34,29
42,1098,"Boy",0,16,22
42,1098,"Boy",1,31,23
42,1098,"Boy",2,8,28
42,1100,"Boy",0,13,23
42,1100,"Boy",1,20,36
42,1100,"Boy",2,21,34
42,1101,"Girl",0,32,18
42,1101,"Girl",1,49,22
42,1101,"Girl",2,32,32
42,1102,"Boy",0,19,17
42,1102,"Boy",1,22,26
42,1102,"Boy",2,39,35
42,1103,"Girl",0,24,17
42,1103,"Girl",1,44,30
42,1103,"Girl",2,16,19
42,1104,"Boy",0,58,30
42,1104,"Boy",1,49,31
42,1104,"Boy",2,40,34
42,1105,"Girl",0,76,30
42,1105,"Girl",1,83,30
42,1105,"Girl",2,50,38
42,1106,"Boy",0,26,14
42,1106,"Boy",1,45,14
42,1106,"Boy",2,18,28
42,1108,"Girl",0,72,27
42,1108,"Girl",1,80,31
42,1108,"Girl",2,37,31
42,1109,"Girl",0,25,25
42,1109,"Girl",1,35,18
42,1109,"Girl",2,14,20
42,1110,"Girl",0,48,26
42,1110,"Girl",1,67,23
42,1110,"Girl",2,11,30
42,1111,"Boy",0,3,13
42,1111,"Boy",2,19,33
42,1112,"Girl",0,26,19
42,1112,"Girl",1,48,20
42,1112,"Girl",2,9,20
42,1113,"Girl",0,66,24
42,1113,"Girl",2,38,37
42,1114,"Girl",0,43,29
42,1114,"Girl",1,72,30
42,1114,"Girl",2,25,33
42,1115,"Boy",0,22,25
42,1115,"Boy",1,32,36
44,1148,"Girl",0,76,29
44,1148,"Girl",1,87,31
44,1148,"Girl",2,58,31
44,1151,"Girl",0,73,32
44,1151,"Girl",1,84,26
44,1151,"Girl",2,49,34
44,1153,"Girl",0,85,33
44,1153,"Girl",1,90,37
44,1153,"Girl",2,78,37
44,1155,"Boy",0,72,29
44,1155,"Boy",1,73,24
44,1155,"Boy",2,41,34
44,1156,"Boy",0,15,15
44,1156,"Boy",1,67,9
44,1156,"Boy",2,34,21
44,1157,"Boy",0,8,14
45,1161,"Boy",0,6,14
45,1161,"Boy",1,16,8
45,1161,"Boy",2,6,17
45,1162,"Girl",0,67,24
45,1162,"Girl",1,84,31
45,1162,"Girl",2,44,28
45,1163,"Girl",0,13,11
45,1163,"Girl",1,26,9
45,1163,"Girl",2,11,7
45,1164,"Girl",0,83,36
45,1164,"Girl",1,89,34
45,1165,"Girl",0,68,34
45,1165,"Girl",1,84,31
45,1165,"Girl",2,52,33
45,1166,"Girl",0,15,12
45,1166,"Girl",1,12,8
45,1167,"Girl",0,21,12
45,1167,"Girl",1,30,12
45,1168,"Boy",0,30,20
45,1168,"Boy",1,75,18
45,1168,"Boy",2,18,24
45,1170,"Boy",0,81,39
45,1170,"Boy",1,87,35
45,1170,"Boy",2,82,39
45,1171,"Girl",0,80,31
45,1171,"Girl",1,85,24
45,1171,"Girl",2,63,30
45,1172,"Boy",0,42,26
45,1172,"Boy",1,60,24
45,1173,"Boy",0,18,16
45,1173,"Boy",1,25,20
45,1174,"Boy",0,44,21
45,1174,"Boy",1,51,25
45,1174,"Boy",2,22,30
45,1175,"Boy",0,2,5
45,1175,"Boy",1,2,4
45,1175,"Boy",2,0,16
45,1176,"Girl",0,17,13
45,1176,"Girl",1,39,9
45,1176,"Girl",2,17,9
45,1177,"Boy",0,23,36
45,1177,"Boy",1,47,32
45,1177,"Boy",2,35,36
45,1178,"Girl",0,34,26
46,1179,"Girl",0,74,34
46,1179,"Girl",2,72,35
46,1180,"Girl",0,63,24
46,1180,"Girl",1,80,30
46,1180,"Girl",2,53,34
46,1181,"Boy",0,26,22
46,1181,"Boy",1,55,19
46,1181,"Boy",2,19,30
46,1182,"Boy",0,75,31
46,1182,"Boy",1,81,32
46,1182,"Boy",2,66,33
46,1183,"Boy",0,24,13
46,1183,"Boy",2,41,26
46,1184,"Boy",0,19,21
46,1184,"Boy",1,43,19
46,1185,"Girl",0,68,27
46,1185,"Girl",1,82,29
46,1185,"Girl",2,40,36
46,1187,"Boy",0,77,37
46,1187,"Boy",1,91,38
46,1187,"Boy",2,56,36
46,1188,"Girl",0,81,38
46,1188,"Girl",1,91,38
46,1189,"Girl",0,62,27
46,1189,"Girl",1,72,33
46,1189,"Girl",2,50,36
46,1190,"Boy",0,20,23
46,1190,"Boy",1,45,25
46,1190,"Boy",2,35,32
46,1191,"Girl",0,68,19
46,1191,"Girl",1,82,26
46,1191,"Girl",2,48,29
46,1192,"Boy",0,78,26
46,1192,"Boy",1,83,34
46,1192,"Boy",2,44,34
46,1193,"Girl",0,57,32
46,1193,"Girl",1,76,21
46,1193,"Girl",2,37,35
46,1196,"Girl",0,68,20
46,1196,"Girl",1,86,23
46,1197,"Boy",0,40,27
46,1197,"Boy",1,73,37
46,1198,"Girl",0,89,32
46,1198,"Girl",1,83,30
46,1198,"Girl",2,84,33
46,1199,"Boy",0,24,25
46,1199,"Boy",1,50,29
46,1199,"Boy",2,27,31
46,1200,"Boy",0,79,40
46,1200,"Boy",1,84,37
46,1200,"Boy",2,84,38
47,1203,"Boy",0,87,40
47,1203,"Boy",1,89,39
47,1203,"Boy",2,80,40
47,1204,"Girl",0,59,32
47,1204,"Girl",1,76,33
47,1204,"Girl",2,39,36
47,1205,"Girl",0,45,31
47,1205,"Girl",1,74,19
47,1205,"Girl",2,27,30
47,1206,"Girl",0,38,24
47,1206,"Girl",1,72,30
47,1206,"Girl",2,45,39
47,1207,"Girl",0,35,22
47,1207,"Girl",1,64,19
47,1208,"Girl",0,55,27
47,1208,"Girl",1,79,24
47,1208,"Girl",2,40,38
47,1210,"Girl",0,48,24
47,1210,"Girl",1,76,34
47,1210,"Girl",2,36,34
47,1211,"Girl",0,46,26
47,1211,"Girl",1,63,23
47,1211,"Girl",2,23,28
47,1212,"Girl",0,56,27
47,1212,"Girl",1,66,26
47,1212,"Girl",2,49,33
47,1213,"Girl",0,55,21
47,1213,"Girl",1,74,24
47,1213,"Girl",2,61,27
47,1214,"Boy",0,30,21
47,1214,"Boy",1,82,24
47,1214,"Boy",2,28,36
47,1215,"Boy",0,33,21
47,1215,"Boy",1,57,26
47,1215,"Boy",2,17,22
47,1216,"Boy",0,30,34
47,1216,"Boy",1,37,36
47,1216,"Boy",2,15,31
47,1217,"Girl",0,59,29
47,1217,"Girl",1,71,22
47,1217,"Girl",2,47,30
47,1218,"Boy",0,38,36
47,1218,"Boy",1,72,27
47,1218,"Boy",2,42,32
47,1219,"Boy",0,46,29
47,1219,"Boy",1,84,29
47,1219,"Boy",2,34,32
47,1220,"Girl",0,17,26
47,1220,"Girl",2,32,36
47,1221,"Girl",0,60,29
47,1221,"Girl",1,72,34
47,1221,"Girl",2,51,34
47,1222,"Boy",0,57,31
47,1222,"Boy",1,82,31
47,1222,"Boy",2,37,39
47,1223,"Girl",0,90,35
47,1223,"Girl",1,90,40
47,1223,"Girl",2,88,39
47,1224,"Girl",0,67,33
47,1224,"Girl",1,70,32
47,1224,"Girl",2,36,38
47,1225,"Boy",0,20,26
47,1225,"Boy",2,31,33
47,1226,"Boy",0,70,22
47,1226,"Boy",1,86,30
47,1226,"Boy",2,63,35
47,1227,"Boy",0,31,28
47,1227,"Boy",1,73,30
47,1227,"Boy",2,29,33
47,1228,"Girl",0,56,26
47,1228,"Girl",1,86,32
47,1228,"Girl",2,42,37
47,1229,"Girl",0,12,13
47,1229,"Girl",1,33,22
47,1229,"Girl",2,28,36
47,1230,"Boy",0,55,24
47,1230,"Boy",1,78,31
47,1230,"Boy",2,25,33
47,1231,"Boy",0,23,18
47,1231,"Boy",1,32,16
47,1231,"Boy",2,17,32
47,1232,"Girl",0,56,25
47,1232,"Girl",1,76,30
47,1232,"Girl",2,41,35
47,1234,"Girl",0,13,21
47,1234,"Girl",1,62,23
47,1234,"Girl",2,22,33
47,1235,"Boy",0,26,18
47,1235,"Boy",2,30,33
47,1236,"Boy",0,82,26
47,1236,"Boy",1,87,33
47,1236,"Boy",2,54,32
47,1237,"Girl",0,17,17
47,1237,"Girl",1,35,22
47,1237,"Girl",2,23,22
47,1238,"Girl",0,50,25
47,1238,"Girl",1,75,31
47,1239,"Boy",0,42,24
47,1239,"Boy",1,72,31
47,1239,"Boy",2,44,29
47,1240,"Girl",0,59,23
47,1242,"Girl",0,62,30
48,1243,"Girl",0,78,32
48,1243,"Girl",1,87,30
48,1243,"Girl",2,57,32
48,1244,"Girl",0,40,16
48,1244,"Girl",1,54,29
48,1244,"Girl",2,19,24
48,1245,"Boy",0,64,31
48,1245,"Boy",1,67,32
48,1245,"Boy",2,34,30
48,1246,"Boy",0,48,25
48,1246,"Boy",1,67,15
48,1246,"Boy",2,40,23
48,1247,"Boy",0,29,28
48,1247,"Boy",1,56,29
48,1247,"Boy",2,40,34
48,1248,"Girl",0,57,26
48,1248,"Girl",1,66,24
48,1248,"Girl",2,34,23
48,1249,"Boy",0,58,32
48,1249,"Boy",1,74,34
48,1249,"Boy",2,40,32
48,1250,"Boy",0,83,33
48,1250,"Boy",1,84,35
48,1251,"Boy",0,69,31
48,1251,"Boy",1,78,30
48,1251,"Boy",2,54,35
48,1252,"Girl",0,56,30
48,1252,"Girl",1,77,24
48,1252,"Girl",2,36,34
48,1253,"Boy",0,33,22
48,1253,"Boy",1,60,29
48,1253,"Boy",2,19,33
48,1254,"Boy",0,63,31
48,1254,"Boy",1,70,23
48,1254,"Boy",2,58,31
48,1255,"Girl",0,13,10
48,1255,"Girl",1,29,13
48,1256,"Girl",0,26,21
48,1256,"Girl",1,63,27
48,1256,"Girl",2,9,26
48,1257,"Girl",0,62,29
48,1257,"Girl",1,72,28
48,1257,"Girl",2,39,30
48,1258,"Boy",0,23,25
48,1258,"Boy",1,49,29
48,1258,"Boy",2,19,31
48,1259,"Boy",0,27,13
48,1259,"Boy",1,45,6
48,1262,"Girl",0,76,25
48,1262,"Girl",1,87,23
48,1262,"Girl",2,63,39
48,1264,"Boy",0,66,23
48,1264,"Boy",1,78,26
48,1264,"Boy",2,40,31
48,1265,"Girl",0,62,27
48,1265,"Girl",1,72,23
48,1265,"Girl",2,42,35
48,1266,"Girl",0,26,15
48,1266,"Girl",1,51,15
48,1266,"Girl",2,17,25
48,1269,"Boy",0,76,37
48,1269,"Boy",1,81,31
48,1269,"Boy",2,48,36
48,1270,"Boy",0,21,5
48,1270,"Boy",1,27,5
48,1270,"Boy",2,21,5
48,1271,"Girl",0,55,21
48,1271,"Girl",1,80,14
48,1271,"Girl",2,37,22
48,1272,"Boy",0,27,30
48,1272,"Boy",1,52,17
48,1272,"Boy",2,17,26
48,1273,"Girl",0,35,15
48,1273,"Girl",1,45,13
48,1273,"Girl",2,15,19
48,1274,"Girl",0,83,27
48,1274,"Girl",1,78,25
48,1274,"Girl",2,74,33
48,1275,"Boy",0,78,30
48,1275,"Boy",1,78,31
48,1275,"Boy",2,45,38
48,1276,"Girl",0,67,22
48,1276,"Girl",1,82,28
48,1276,"Girl",2,36,31
48,1277,"Boy",0,78,36
48,1277,"Boy",1,79,33
48,1277,"Boy",2,77,36
48,1278,"Girl",0,38,27
48,1278,"Girl",1,59,23
48,1278,"Girl",2,35,33
48,1279,"Boy",0,31,24
48,1279,"Boy",1,69,10
48,1279,"Boy",2,20,19
48,1280,"Boy",0,3,14
48,1280,"Boy",1,3,9
48,1280,"Boy",2,15,10
48,1281,"Boy",0,24,25
48,1281,"Boy",1,22,21
48,1282,"Boy",0,16,25
48,1282,"Boy",1,20,20
48,1284,"Girl",0,86,40
48,1284,"Girl",1,83,35
48,1284,"Girl",2,64,31
48,1285,"Boy",1,46,28
48,1285,"Boy",2,36,33
48,1286,"Girl",0,69,32
48,1286,"Girl",1,83,29
48,1286,"Girl",2,70,35
48,1287,"Boy",0,79,38
48,1287,"Boy",1,84,36
48,1287,"Boy",2,61,35
48,1288,"Girl",0,81,33
48,1288,"Girl",1,84,31
48,1288,"Girl",2,72,34
48,1289,"Girl",0,89,39
48,1289,"Girl",1,89,38
48,1289,"Girl",2,87,40
48,1290,"Girl",0,38,31
48,1290,"Girl",1,41,35
48,1290,"Girl",2,12,34
48,1291,"Girl",0,58,31
48,1291,"Girl",1,70,22
48,1291,"Girl",2,44,31
48,1292,"Boy",0,71,24
48,1292,"Boy",1,77,32
48,1292,"Boy",2,57,28
48,1293,"Boy",0,21,26
48,1293,"Boy",1,80,32
48,1293,"Boy",2,40,35
48,1294,"Girl",0,78,35
48,1294,"Girl",1,85,39
48,1295,"Girl",0,58,23
48,1295,"Girl",1,76,31
48,1295,"Girl",2,50,33
48,1296,"Girl",0,75,40
48,1296,"Girl",1,88,35
48,1296,"Girl",2,59,36
48,1297,"Girl",0,50,29
48,1297,"Girl",1,69,22
48,1297,"Girl",2,18,22
48,1298,"Boy",0,70,29
48,1298,"Boy",1,74,34
48,1298,"Boy",2,29,31
48,1299,"Girl",0,17,24
48,1299,"Girl",1,38,7
48,1299,"Girl",2,18,15
48,1301,"Girl",0,87,35
48,1301,"Girl",1,84,33
48,1301,"Girl",2,73,35
48,1302,"Girl",0,31,26
48,1302,"Girl",1,49,11
48,1302,"Girl",2,20,20
48,1303,"Boy",0,21,28
48,1303,"Boy",1,19,19
48,1303,"Boy",2,7,28
48,1304,"Boy",0,81,30
48,1304,"Boy",1,89,34
48,1305,"Boy",0,49,32
48,1305,"Boy",1,78,36
48,1305,"Boy",2,46,33
48,1306,"Boy",0,26,20
48,1306,"Boy",1,57,18
48,1306,"Boy",2,21,30
48,1307,"Girl",0,25,30
48,1307,"Girl",1,35,29
48,1307,"Girl",2,17,31
48,1308,"Girl",0,34,33
48,1308,"Girl",1,69,31
48,1308,"Girl",2,23,34
48,1309,"Girl",0,42,11
48,1309,"Girl",1,62,20
48,1309,"Girl",2,28,14
48,1310,"Girl",0,40,18
48,1310,"Girl",1,63,12
48,1311,"Girl",0,70,28
48,1311,"Girl",1,84,31
48,1311,"Girl",2,41,31
48,1312,"Boy",0,88,36
48,1312,"Boy",1,90,40
48,1312,"Boy",2,76,39
48,1313,"Girl",0,30,24
48,1313,"Girl",1,38,22
48,1313,"Girl",2,23,28
48,1314,"Girl",0,71,27
48,1314,"Girl",1,78,34
48,1314,"Girl",2,38,34
48,1316,"Girl",0,52,23
48,1316,"Girl",1,79,26
48,1316,"Girl",2,39,29
48,1317,"Girl",0,65,31
48,1317,"Girl",1,82,33
48,1317,"Girl",2,58,29
48,1318,"Girl",0,26,12
48,1318,"Girl",1,41,19
48,1318,"Girl",2,41,25
48,1319,"Girl",0,59,25
48,1319,"Girl",1,82,25
48,1319,"Girl",2,32,30
48,1321,"Boy",0,65,33
48,1321,"Boy",1,76,33
48,1321,"Boy",2,45,40
48,1322,"Boy",0,13,14
48,1322,"Boy",1,26,6
48,1323,"Boy",0,17,15
48,1323,"Boy",1,56,11
48,1323,"Boy",2,19,16
49,1327,"Boy",0,14,15
49,1327,"Boy",1,8,31
49,1327,"Boy",2,4,21
49,1328,"Boy",0,52,27
49,1328,"Boy",1,40,34
49,1329,"Boy",0,86,31
49,1329,"Boy",1,90,36
49,1329,"Boy",2,72,38
49,1330,"Boy",0,79,30
49,1330,"Boy",1,87,39
49,1330,"Boy",2,59,37
49,1331,"Girl",0,25,24
49,1331,"Girl",1,63,35
49,1331,"Girl",2,40,32
49,1332,"Boy",0,83,35
49,1332,"Boy",1,88,38
49,1332,"Boy",2,47,38
49,1333,"Girl",0,45,28
49,1333,"Girl",1,63,29
49,1333,"Girl",2,31,32
49,1337,"Girl",0,38,29
49,1337,"Girl",1,60,34
49,1337,"Girl",2,27,24
49,1338,"Girl",0,82,26
49,1338,"Girl",1,88,35
49,1338,"Girl",2,60,33
49,1339,"Boy",0,32,28
49,1339,"Boy",1,67,34
49,1339,"Boy",2,46,35
49,1340,"Boy",0,11,22
49,1340,"Boy",1,69,38
49,1340,"Boy",2,8,26
49,1341,"Girl",0,18,8
49,1341,"Girl",1,38,25
49,1342,"Girl",0,21,8
49,1342,"Girl",1,21,18
49,1342,"Girl",2,15,12
49,1343,"Boy",0,31,34
49,1343,"Boy",1,64,38
49,1343,"Boy",2,50,36
49,1344,"Boy",0,36,23
49,1344,"Boy",1,67,26
49,1344,"Boy",2,45,36
49,1345,"Boy",0,85,35
49,1345,"Boy",1,86,36
49,1345,"Boy",2,80,39
49,1346,"Girl",0,44,21
49,1346,"Girl",1,72,26
49,1346,"Girl",2,24,22
49,1347,"Girl",0,58,29
49,1347,"Girl",1,75,26
49,1347,"Girl",2,39,33
49,1348,"Girl",0,22,12
49,1348,"Girl",1,10,16
49,1348,"Girl",2,33,19
49,1349,"Boy",0,25,31
49,1349,"Boy",1,40,34
49,1349,"Boy",2,61,34
49,1350,"Boy",0,79,34
49,1350,"Boy",1,86,29
49,1351,"Girl",0,17,8
49,1351,"Girl",1,53,27
49,1351,"Girl",2,26,20
49,1352,"Boy",0,88,39
49,1352,"Boy",1,90,32
49,1352,"Boy",2,90,38
49,1353,"Boy",0,74,37
49,1353,"Boy",1,80,35
49,1353,"Boy",2,85,39
49,1355,"Boy",0,83,36
49,1355,"Boy",1,84,38
49,1355,"Boy",2,83,38
50,1357,"Boy",0,24,17
50,1357,"Boy",1,19,18
50,1358,"Girl",0,13,13
50,1358,"Girl",1,30,13
50,1359,"Boy",0,61,28
50,1359,"Boy",1,61,30
50,1359,"Boy",2,57,36
50,1360,"Boy",0,53,32
50,1360,"Boy",1,78,37
50,1360,"Boy",2,33,37
50,1361,"Boy",0,22,18
50,1361,"Boy",1,51,25
50,1361,"Boy",2,16,30
50,1362,"Boy",0,7,16
50,1363,"Girl",0,84,32
50,1363,"Girl",1,87,30
50,1364,"Boy",0,5,10
50,1364,"Boy",1,9,7
50,1365,"Girl",0,42,15
50,1365,"Girl",1,59,24
50,1365,"Girl",2,33,29
50,1366,"Boy",0,26,11
50,1366,"Boy",1,35,10
50,1367,"Girl",0,42,18
50,1367,"Girl",1,38,27
50,1368,"Boy",0,32,30
50,1368,"Boy",1,38,30
50,1369,"Girl",0,22,14
50,1369,"Girl",1,21,18
50,1370,"Girl",0,86,22
50,1370,"Girl",1,88,27
50,1371,"Boy",1,61,20
50,1371,"Boy",2,18,28
50,1372,"Girl",0,41,22
50,1372,"Girl",1,29,22
50,1372,"Girl",2,25,25
50,1373,"Boy",1,22,23
50,1374,"Boy",0,70,27
50,1374,"Boy",1,83,35
50,1374,"Boy",2,75,38
50,1375,"Boy",0,71,18
50,1375,"Boy",1,65,33
50,1376,"Boy",0,27,24
50,1376,"Boy",1,34,24
50,1376,"Boy",2,23,28
50,1377,"Boy",0,11,15
50,1377,"Boy",1,29,25
50,1378,"Boy",0,68,29
50,1378,"Boy",1,87,35
50,1379,"Boy",0,40,20
50,1379,"Boy",1,38,20
50,1380,"Girl",0,83,26
50,1380,"Girl",1,89,26
50,1380,"Girl",2,61,36
50,1381,"Boy",0,70,30
50,1381,"Boy",1,81,33
50,1382,"Girl",0,13,19
50,1382,"Girl",1,27,16
50,1383,"Boy",0,13,21
50,1383,"Boy",1,27,19
50,1384,"Girl",0,55,11
50,1384,"Girl",1,54,25
50,1384,"Girl",2,20,36
50,1385,"Boy",0,38,14
50,1385,"Boy",1,5,23
50,1386,"Girl",0,70,20
50,1386,"Girl",2,18,23
50,1387,"Boy",0,31,23
50,1387,"Boy",1,27,18
50,1388,"Boy",0,62,11
50,1388,"Boy",1,70,15
50,1389,"Boy",0,65,23
50,1389,"Boy",1,61,32
50,1390,"Boy",0,18,26
50,1390,"Boy",1,77,29
50,1390,"Boy",2,75,37
50,1391,"Girl",0,31,19
50,1391,"Girl",1,38,25
50,1392,"Girl",1,70,28
50,1393,"Girl",0,25,22
50,1393,"Girl",1,26,15
50,1394,"Boy",0,79,31
50,1394,"Boy",1,82,27
50,1395,"Boy",0,21,23
50,1395,"Boy",1,37,26
50,1396,"Boy",0,36,26
50,1396,"Boy",1,18,10
50,1397,"Boy",0,89,35
50,1397,"Boy",1,89,37
50,1397,"Boy",2,82,39
50,1398,"Boy",0,21,27
50,1398,"Boy",1,48,24
50,1399,"Boy",0,70,34
50,1399,"Boy",1,76,32
50,1399,"Boy",2,28,37
50,1400,"Boy",0,19,16
50,1400,"Boy",1,30,19
50,1401,"Girl",0,25,20
50,1401,"Girl",1,26,16
50,1402,"Girl",0,40,15
50,1402,"Girl",1,42,15
